sku,current_stock,min_stock,label,category,stock_status
SKU-00238,4515.0,43,L'avantage de rouler à sa source,CLOTHING,OK
SKU-00228,6720.0,49,L'avantage de changer plus rapidement,OTHER,OK
SKU-00369,7010.0,21,La liberté d'innover naturellement,ELEC,OK
SKU-00361,7340.0,43,Le confort d'atteindre vos buts à la pointe,CLOTHING,OK
SKU-00268,7625.0,45,L'assurance de changer de manière sûre,ELEC,OK
SKU-00249,7740.0,48,Le plaisir d'atteindre vos buts plus rapidement,TOOLS,OK
SKU-00379,7865.0,6,L'avantage de louer de manière efficace,TOOLS,OK
SKU-00483,8065.0,40,L'avantage d'évoluer de manière sûre,CLOTHING,OK
SKU-00367,8155.0,6,La liberté de changer de manière sûre,OTHER,OK
SKU-00478,8325.0,35,Le confort d'avancer naturellement,ELEC,OK
SKU-00020,8877.0,29,L'avantage d'avancer autrement,ELEC,OK
SKU-00490,8955.0,47,Le pouvoir d'évoluer à l'état pur,TOOLS,OK
SKU-00263,9195.0,44,L'assurance de concrétiser vos projets à l'état pur,TOOLS,OK
SKU-00461,9220.0,29,Le confort de rouler en toute tranquilité,OTHER,OK
SKU-00032,9263.0,38,Le plaisir d'évoluer plus facilement,CLOTHING,OK
SKU-00467,9275.0,28,Le plaisir d'évoluer de manière efficace,ELEC,OK
SKU-00460,9290.0,12,Le pouvoir de rouler sans soucis,TOOLS,OK
SKU-00258,9415.0,42,La liberté de rouler plus rapidement,CLOTHING,OK
SKU-00041,9420.0,38,Le plaisir de concrétiser vos projets de manière sûre,ELEC,OK
SKU-00373,9435.0,5,L'art d'évoluer avant-tout,CLOTHING,OK
SKU-00047,9494.0,16,Le confort d'avancer sans soucis,OTHER,OK
SKU-00259,9505.0,26,Le pouvoir d'atteindre vos buts naturellement,OTHER,OK
SKU-00115,9512.0,12,Le droit d'avancer sans soucis,CLOTHING,OK
SKU-00357,9520.0,28,La possibilité d'atteindre vos buts de manière sûre,OTHER,OK
SKU-00109,9554.0,39,L'assurance d'atteindre vos buts avant-tout,OTHER,OK
SKU-00428,9685.0,29,La liberté d'avancer à la pointe,FOOD,OK
SKU-00211,9715.0,16,Le plaisir d'innover avant-tout,TOOLS,OK
SKU-00421,9740.0,49,La liberté d'avancer plus facilement,FOOD,OK
SKU-00325,9770.0,0,La liberté de concrétiser vos projets à sa source,FOOD,OK
SKU-00198,9814.0,21,Le confort de changer à la pointe,OTHER,OK
SKU-00251,9945.0,11,La liberté d'avancer autrement,CLOTHING,OK
SKU-00277,9980.0,29,La possibilité d'avancer autrement,OTHER,OK
SKU-00380,10015.0,9,L'assurance de concrétiser vos projets sans soucis,OTHER,OK
SKU-00234,10085.0,10,L'assurance de rouler plus facilement,ELEC,OK
SKU-00370,10090.0,26,La liberté d'atteindre vos buts en toute tranquilité,CLOTHING,OK
SKU-00332,10095.0,8,Le droit de louer de manière sûre,CLOTHING,OK
SKU-00029,10135.0,5,Le droit de rouler plus rapidement,ELEC,OK
SKU-00374,10175.0,27,L'art d'atteindre vos buts plus facilement,FOOD,OK
SKU-00335,10195.0,23,L'art d'avancer plus rapidement,CLOTHING,OK
SKU-00284,10230.0,33,Le plaisir de concrétiser vos projets naturellement,CLOTHING,OK
SKU-00272,10295.0,4,Le plaisir de louer sans soucis,OTHER,OK
SKU-00088,10440.0,4,Le confort d'avancer en toute tranquilité,OTHER,OK
SKU-00204,10445.0,41,L'art d'innover à l'état pur,ELEC,OK
SKU-00459,10465.0,34,L'art de changer avant-tout,CLOTHING,OK
SKU-00226,10610.0,5,L'assurance de changer plus rapidement,OTHER,OK
SKU-00229,10685.0,28,L'art d'évoluer de manière sûre,CLOTHING,OK
SKU-00260,10785.0,39,Le confort de louer en toute tranquilité,ELEC,OK
SKU-00419,10835.0,12,L'avantage de changer plus facilement,ELEC,OK
SKU-00383,10855.0,27,Le plaisir d'atteindre vos buts à la pointe,TOOLS,OK
SKU-00063,10898.0,25,L'assurance de rouler de manière efficace,FOOD,OK
SKU-00178,10922.0,1,Le plaisir de rouler à l'état pur,ELEC,OK
SKU-00375,10940.0,35,La possibilité d'avancer avant-tout,TOOLS,OK
SKU-00222,10955.0,11,L'avantage d'évoluer autrement,CLOTHING,OK
SKU-00386,11065.0,22,Le droit de concrétiser vos projets plus facilement,TOOLS,OK
SKU-00124,11093.0,46,Le droit d'avancer autrement,CLOTHING,OK
SKU-00289,11175.0,20,L'art de concrétiser vos projets à la pointe,OTHER,OK
SKU-00364,11180.0,17,L'assurance de changer à l'état pur,FOOD,OK
SKU-00338,11225.0,17,L'art de concrétiser vos projets de manière efficace,CLOTHING,OK
SKU-00142,11243.0,39,L'assurance de changer avant-tout,ELEC,OK
SKU-00033,11259.0,35,La possibilité d'évoluer en toute tranquilité,OTHER,OK
SKU-00034,11272.0,43,Le pouvoir de louer naturellement,FOOD,OK
SKU-00360,11360.0,30,La liberté de louer plus facilement,FOOD,OK
SKU-00010,11389.0,38,La liberté d'innover à sa source,TOOLS,OK
SKU-00385,11395.0,11,L'art de louer de manière sûre,TOOLS,OK
SKU-00243,11395.0,28,L'assurance de louer autrement,OTHER,OK
SKU-00413,11420.0,27,Le confort d'innover de manière efficace,FOOD,OK
SKU-00397,11450.0,43,Le confort de changer à la pointe,FOOD,OK
SKU-00359,11555.0,29,La liberté d'avancer naturellement,OTHER,OK
SKU-00215,11630.0,6,La possibilité de louer plus rapidement,OTHER,OK
SKU-00287,11650.0,39,Le plaisir d'avancer sans soucis,TOOLS,OK
SKU-00433,11710.0,20,Le droit de rouler à la pointe,OTHER,OK
SKU-00381,11765.0,6,Le pouvoir d'évoluer en toute tranquilité,CLOTHING,OK
SKU-00154,11769.0,40,L'assurance de rouler sans soucis,OTHER,OK
SKU-00363,11795.0,38,Le confort de louer à sa source,FOOD,OK
SKU-00429,11865.0,23,La possibilité de louer plus rapidement,FOOD,OK
SKU-00161,11901.0,24,L'assurance d'évoluer plus rapidement,ELEC,OK
SKU-00410,11960.0,10,Le droit de changer de manière sûre,FOOD,OK
SKU-00319,12045.0,33,L'avantage de rouler à l'état pur,OTHER,OK
SKU-00333,12080.0,31,Le plaisir d'atteindre vos buts plus rapidement,FOOD,OK
SKU-00242,12090.0,38,L'art d'évoluer plus rapidement,ELEC,OK
SKU-00207,12115.0,42,L'avantage de rouler sans soucis,ELEC,OK
SKU-00028,12172.0,23,La possibilité de rouler sans soucis,CLOTHING,OK
SKU-00149,12176.0,29,Le pouvoir de concrétiser vos projets plus rapidement,ELEC,OK
SKU-00143,12194.0,26,L'assurance de rouler à sa source,FOOD,OK
SKU-00447,12210.0,42,La liberté d'atteindre vos buts à la pointe,TOOLS,OK
SKU-00376,12220.0,42,Le droit d'avancer en toute tranquilité,OTHER,OK
SKU-00188,12234.0,34,Le droit d'atteindre vos buts autrement,FOOD,OK
SKU-00046,12283.0,42,La possibilité d'évoluer de manière efficace,ELEC,OK
SKU-00013,12374.0,36,La liberté de changer à l'état pur,OTHER,OK
SKU-00353,12390.0,1,La possibilité de changer plus rapidement,ELEC,OK
SKU-00299,12390.0,37,L'assurance d'atteindre vos buts à l'état pur,ELEC,OK
SKU-00440,12425.0,50,La liberté d'évoluer à l'état pur,TOOLS,OK
SKU-00400,12445.0,0,La possibilité de louer à l'état pur,OTHER,OK
SKU-00093,12447.0,42,Le pouvoir de changer plus facilement,OTHER,OK
SKU-00164,12451.0,48,Le pouvoir d'innover à la pointe,TOOLS,OK
SKU-00255,12500.0,42,Le pouvoir de rouler sans soucis,CLOTHING,OK
SKU-00213,12525.0,12,L'assurance de concrétiser vos projets de manière sûre,OTHER,OK
SKU-00434,12650.0,3,La liberté d'innover à sa source,CLOTHING,OK
SKU-00417,12655.0,49,L'art d'évoluer à sa source,FOOD,OK
SKU-00179,12759.0,8,Le confort d'innover à la pointe,ELEC,OK
SKU-00210,12765.0,44,La liberté de rouler en toute tranquilité,TOOLS,OK
SKU-00371,12815.0,27,Le plaisir de rouler plus facilement,FOOD,OK
SKU-00035,12843.0,49,L'art de rouler sans soucis,OTHER,OK
SKU-00265,12910.0,19,Le plaisir d'innover à l'état pur,ELEC,OK
SKU-00488,12920.0,24,L'art d'atteindre vos buts de manière sûre,FOOD,OK
SKU-00221,12930.0,30,Le pouvoir de concrétiser vos projets avant-tout,FOOD,OK
SKU-00027,12947.0,47,Le confort de louer de manière sûre,OTHER,OK
SKU-00061,13003.0,22,L'avantage de changer à sa source,FOOD,OK
SKU-00298,13070.0,39,La liberté d'atteindre vos buts plus facilement,FOOD,OK
SKU-00192,13088.0,45,L'art d'atteindre vos buts à l'état pur,TOOLS,OK
SKU-00292,13200.0,6,L'art de louer en toute tranquilité,FOOD,OK
SKU-00005,13205.0,14,L'avantage d'innover de manière sûre,OTHER,OK
SKU-00445,13215.0,38,Le confort de changer autrement,CLOTHING,OK
SKU-00203,13225.0,35,L'assurance d'évoluer plus rapidement,CLOTHING,OK
SKU-00171,13229.0,29,L'art d'atteindre vos buts avant-tout,CLOTHING,OK
SKU-00334,13235.0,34,L'avantage d'évoluer à la pointe,FOOD,OK
SKU-00495,13240.0,45,L'assurance d'avancer plus facilement,ELEC,OK
SKU-00264,13245.0,40,Le droit de concrétiser vos projets autrement,FOOD,OK
SKU-00392,13285.0,3,La liberté de rouler sans soucis,TOOLS,OK
SKU-00244,13310.0,44,Le droit d'atteindre vos buts plus rapidement,CLOTHING,OK
SKU-00098,13335.0,32,L'art de louer à la pointe,ELEC,OK
SKU-00202,13365.0,5,La liberté de rouler de manière sûre,OTHER,OK
SKU-00247,13380.0,1,L'art d'atteindre vos buts avant-tout,TOOLS,OK
SKU-00426,13385.0,50,Le droit de louer autrement,CLOTHING,OK
SKU-00261,13395.0,48,L'avantage d'avancer de manière efficace,CLOTHING,OK
SKU-00345,13430.0,8,La possibilité de louer autrement,TOOLS,OK
SKU-00406,13515.0,1,L'art de concrétiser vos projets à l'état pur,FOOD,OK
SKU-00118,13521.0,21,L'assurance d'avancer sans soucis,ELEC,OK
SKU-00075,13534.0,3,La liberté de louer de manière efficace,TOOLS,OK
SKU-00266,13550.0,5,La possibilité d'innover de manière efficace,FOOD,OK
SKU-00402,13550.0,20,L'art de concrétiser vos projets avant-tout,TOOLS,OK
SKU-00362,13555.0,4,Le plaisir d'évoluer en toute tranquilité,CLOTHING,OK
SKU-00311,13570.0,18,La possibilité d'avancer à sa source,FOOD,OK
SKU-00346,13610.0,4,La possibilité d'avancer en toute tranquilité,OTHER,OK
SKU-00491,13625.0,22,Le plaisir d'innover de manière sûre,TOOLS,OK
SKU-00072,13636.0,50,L'assurance d'évoluer de manière sûre,CLOTHING,OK
SKU-00442,13650.0,18,La possibilité d'évoluer à sa source,OTHER,OK
SKU-00407,13775.0,36,La possibilité d'innover plus facilement,FOOD,OK
SKU-00390,13785.0,26,Le droit de rouler avant-tout,ELEC,OK
SKU-00401,13795.0,49,L'assurance de changer à sa source,TOOLS,OK
SKU-00122,13814.0,37,L'art d'atteindre vos buts à l'état pur,TOOLS,OK
SKU-00241,13855.0,4,Le droit de concrétiser vos projets plus rapidement,TOOLS,OK
SKU-00092,13861.0,39,Le confort de rouler de manière sûre,OTHER,OK
SKU-00100,13861.0,2,Le pouvoir de louer à la pointe,CLOTHING,OK
SKU-00377,13880.0,42,Le droit de concrétiser vos projets naturellement,CLOTHING,OK
SKU-00044,13904.0,5,Le droit d'innover autrement,ELEC,OK
SKU-00472,13920.0,14,L'art d'innover de manière sûre,FOOD,OK
SKU-00404,13955.0,24,Le pouvoir de louer de manière sûre,ELEC,OK
SKU-00040,14005.0,9,Le confort d'innover naturellement,OTHER,OK
SKU-00245,14010.0,28,La liberté de changer autrement,TOOLS,OK
SKU-00059,14020.0,15,Le confort d'innover plus rapidement,OTHER,OK
SKU-00388,14035.0,9,L'avantage d'innover sans soucis,CLOTHING,OK
SKU-00295,14075.0,22,Le plaisir d'atteindre vos buts en toute tranquilité,FOOD,OK
SKU-00155,14082.0,4,Le confort de changer plus facilement,TOOLS,OK
SKU-00184,14098.0,36,Le droit d'évoluer autrement,FOOD,OK
SKU-00408,14115.0,45,La liberté de changer à l'état pur,OTHER,OK
SKU-00318,14170.0,12,La possibilité d'atteindre vos buts plus rapidement,CLOTHING,OK
SKU-00415,14195.0,14,Le droit de concrétiser vos projets plus facilement,TOOLS,OK
SKU-00125,14200.0,38,La liberté de concrétiser vos projets à sa source,TOOLS,OK
SKU-00452,14205.0,18,L'art d'avancer naturellement,ELEC,OK
SKU-00090,14211.0,15,Le droit d'atteindre vos buts à l'état pur,TOOLS,OK
SKU-00439,14215.0,26,Le droit d'atteindre vos buts autrement,TOOLS,OK
SKU-00256,14255.0,29,L'art de louer de manière efficace,CLOTHING,OK
SKU-00437,14265.0,33,Le pouvoir d'évoluer de manière sûre,CLOTHING,OK
SKU-00275,14280.0,9,L'art d'évoluer de manière sûre,TOOLS,OK
SKU-00456,14300.0,46,Le pouvoir de concrétiser vos projets à la pointe,OTHER,OK
SKU-00499,14305.0,48,Le pouvoir de rouler en toute tranquilité,TOOLS,OK
SKU-00152,14319.0,28,L'avantage de changer de manière sûre,ELEC,OK
SKU-00279,14335.0,14,Le plaisir d'avancer à la pointe,OTHER,OK
SKU-00102,14369.0,35,Le pouvoir d'atteindre vos buts à la pointe,ELEC,OK
SKU-00352,14395.0,0,La liberté d'évoluer de manière sûre,FOOD,OK
SKU-00071,14395.0,24,L'art d'atteindre vos buts de manière sûre,FOOD,OK
SKU-00021,14405.0,43,L'avantage de concrétiser vos projets à la pointe,TOOLS,OK
SKU-00308,14410.0,36,Le droit de changer à la pointe,OTHER,OK
SKU-00455,14445.0,11,La possibilité de louer de manière sûre,ELEC,OK
SKU-00012,14471.0,35,Le confort de concrétiser vos projets autrement,CLOTHING,OK
SKU-00156,14525.0,17,Le confort de rouler autrement,TOOLS,OK
SKU-00403,14535.0,47,L'assurance d'avancer sans soucis,FOOD,OK
SKU-00048,14573.0,13,La liberté de changer autrement,OTHER,OK
SKU-00003,14639.0,5,L'art d'innover plus facilement,FOOD,OK
SKU-00050,14659.0,28,L'avantage d'avancer autrement,CLOTHING,OK
SKU-00389,14660.0,47,La possibilité de concrétiser vos projets à sa source,FOOD,OK
SKU-00036,14680.0,18,L'avantage de changer de manière efficace,TOOLS,OK
SKU-00257,14680.0,20,Le confort d'atteindre vos buts plus rapidement,TOOLS,OK
SKU-00087,14722.0,29,Le droit de changer à la pointe,FOOD,OK
SKU-00349,14805.0,17,Le plaisir de concrétiser vos projets plus facilement,OTHER,OK
SKU-00482,14900.0,4,Le confort de louer de manière efficace,OTHER,OK
SKU-00302,14915.0,43,Le confort d'avancer en toute tranquilité,CLOTHING,OK
SKU-00223,14930.0,30,Le droit d'atteindre vos buts en toute tranquilité,FOOD,OK
SKU-00343,14935.0,42,La liberté de concrétiser vos projets avant-tout,CLOTHING,OK
SKU-00476,14950.0,28,Le plaisir d'atteindre vos buts autrement,ELEC,OK
SKU-00276,14970.0,22,L'art d'avancer autrement,OTHER,OK
SKU-00340,14990.0,6,Le plaisir d'atteindre vos buts avant-tout,ELEC,OK
SKU-00079,14994.0,11,Le pouvoir de rouler à la pointe,OTHER,OK
SKU-00173,15010.0,20,Le droit d'avancer avant-tout,ELEC,OK
SKU-00480,15035.0,19,L'avantage de concrétiser vos projets en toute tranquilité,TOOLS,OK
SKU-00148,15077.0,3,L'assurance de concrétiser vos projets plus rapidement,OTHER,OK
SKU-00110,15082.0,10,Le droit de louer avant-tout,ELEC,OK
SKU-00045,15090.0,48,Le confort de changer en toute tranquilité,CLOTHING,OK
SKU-00081,15099.0,7,L'avantage de louer à l'état pur,ELEC,OK
SKU-00146,15120.0,48,L'avantage d'innover naturellement,ELEC,OK
SKU-00130,15129.0,32,Le droit d'atteindre vos buts avant-tout,FOOD,OK
SKU-00169,15134.0,25,L'assurance d'évoluer sans soucis,ELEC,OK
SKU-00022,15155.0,2,La possibilité de rouler à l'état pur,FOOD,OK
SKU-00174,15180.0,48,L'art d'avancer de manière sûre,CLOTHING,OK
SKU-00365,15190.0,24,Le confort d'innover sans soucis,OTHER,OK
SKU-00350,15205.0,34,Le plaisir de louer à l'état pur,ELEC,OK
SKU-00278,15225.0,44,L'art de changer avant-tout,TOOLS,OK
SKU-00009,15228.0,24,Le confort de louer avant-tout,FOOD,OK
SKU-00254,15250.0,21,Le plaisir d'innover sans soucis,FOOD,OK
SKU-00031,15289.0,38,L'avantage d'avancer plus rapidement,ELEC,OK
SKU-00436,15315.0,2,Le plaisir de concrétiser vos projets de manière efficace,OTHER,OK
SKU-00039,15325.0,40,La liberté d'avancer de manière efficace,FOOD,OK
SKU-00496,15360.0,18,Le confort d'atteindre vos buts naturellement,CLOTHING,OK
SKU-00398,15370.0,33,La liberté de concrétiser vos projets à la pointe,OTHER,OK
SKU-00422,15385.0,48,L'assurance de louer en toute tranquilité,CLOTHING,OK
SKU-00182,15388.0,49,Le droit d'innover à la pointe,OTHER,OK
SKU-00430,15430.0,41,Le plaisir de changer à sa source,TOOLS,OK
SKU-00018,15436.0,44,L'art de changer plus facilement,ELEC,OK
SKU-00172,15443.0,24,L'art d'atteindre vos buts à sa source,FOOD,OK
SKU-00252,15455.0,5,L'assurance d'innover avant-tout,CLOTHING,OK
SKU-00084,15458.0,16,La liberté d'atteindre vos buts à l'état pur,OTHER,OK
SKU-00297,15465.0,10,L'avantage d'évoluer avant-tout,CLOTHING,OK
SKU-00209,15510.0,47,La liberté d'évoluer à l'état pur,TOOLS,OK
SKU-00316,15540.0,46,Le droit d'évoluer de manière sûre,FOOD,OK
SKU-00212,15550.0,20,Le confort de changer plus facilement,FOOD,OK
SKU-00239,15555.0,27,Le droit de rouler de manière efficace,TOOLS,OK
SKU-00116,15557.0,19,Le droit d'innover de manière sûre,CLOTHING,OK
SKU-00153,15567.0,49,Le droit de concrétiser vos projets en toute tranquilité,ELEC,OK
SKU-00293,15580.0,10,Le pouvoir de louer à l'état pur,FOOD,OK
SKU-00479,15625.0,7,La liberté de louer sans soucis,OTHER,OK
SKU-00043,15661.0,15,Le pouvoir de rouler autrement,TOOLS,OK
SKU-00347,15670.0,37,Le droit de changer sans soucis,OTHER,OK
SKU-00056,15722.0,4,L'art d'innover plus facilement,FOOD,OK
SKU-00145,15723.0,25,Le confort de concrétiser vos projets plus rapidement,CLOTHING,OK
SKU-00304,15725.0,40,L'avantage d'évoluer sans soucis,TOOLS,OK
SKU-00262,15785.0,35,Le confort de rouler à l'état pur,ELEC,OK
SKU-00163,15800.0,0,Le droit d'avancer naturellement,CLOTHING,OK
SKU-00339,15805.0,28,L'avantage d'atteindre vos buts en toute tranquilité,TOOLS,OK
SKU-00235,15815.0,44,La possibilité d'avancer à sa source,CLOTHING,OK
SKU-00291,15880.0,14,Le droit de concrétiser vos projets à la pointe,ELEC,OK
SKU-00060,15900.0,12,La possibilité d'évoluer en toute tranquilité,CLOTHING,OK
SKU-00443,15920.0,21,La liberté d'atteindre vos buts à la pointe,OTHER,OK
SKU-00095,15927.0,7,La liberté de louer de manière sûre,ELEC,OK
SKU-00450,15950.0,13,L'assurance d'évoluer de manière sûre,TOOLS,OK
SKU-00185,15965.0,45,L'assurance d'atteindre vos buts avant-tout,CLOTHING,OK
SKU-00481,16000.0,26,Le plaisir d'innover à la pointe,FOOD,OK
SKU-00133,16009.0,39,La possibilité de rouler à la pointe,CLOTHING,OK
SKU-00492,16025.0,8,Le plaisir d'avancer en toute tranquilité,FOOD,OK
SKU-00351,16040.0,42,Le plaisir d'innover en toute tranquilité,ELEC,OK
SKU-00205,16045.0,50,Le plaisir de changer autrement,CLOTHING,OK
SKU-00106,16071.0,23,Le droit d'évoluer sans soucis,FOOD,OK
SKU-00471,16080.0,15,Le confort d'avancer plus rapidement,OTHER,OK
SKU-00465,16085.0,35,Le confort de rouler à la pointe,CLOTHING,OK
SKU-00423,16120.0,43,L'assurance de louer à sa source,OTHER,OK
SKU-00201,16145.0,35,La liberté d'innover naturellement,TOOLS,OK
SKU-00170,16151.0,5,La liberté de concrétiser vos projets plus rapidement,OTHER,OK
SKU-00037,16190.0,0,Le pouvoir de changer plus rapidement,ELEC,OK
SKU-00418,16220.0,15,La liberté d'innover à sa source,TOOLS,OK
SKU-00166,16253.0,31,Le pouvoir de louer sans soucis,TOOLS,OK
SKU-00414,16305.0,25,L'assurance d'avancer avant-tout,CLOTHING,OK
SKU-00449,16315.0,1,Le pouvoir d'évoluer en toute tranquilité,CLOTHING,OK
SKU-00015,16333.0,14,Le pouvoir de concrétiser vos projets plus facilement,TOOLS,OK
SKU-00344,16335.0,3,Le droit d'avancer sans soucis,OTHER,OK
SKU-00131,16344.0,25,Le droit de louer plus facilement,CLOTHING,OK
SKU-00438,16345.0,23,La liberté d'atteindre vos buts avant-tout,OTHER,OK
SKU-00076,16367.0,47,L'assurance d'évoluer sans soucis,OTHER,OK
SKU-00074,16374.0,9,L'assurance de louer à l'état pur,OTHER,OK
SKU-00497,16400.0,2,Le plaisir de rouler plus rapidement,FOOD,OK
SKU-00137,16403.0,32,Le droit de louer autrement,CLOTHING,OK
SKU-00042,16422.0,7,Le confort d'atteindre vos buts naturellement,CLOTHING,OK
SKU-00023,16432.0,17,La liberté d'innover de manière sûre,TOOLS,OK
SKU-00285,16445.0,46,L'assurance de rouler avant-tout,CLOTHING,OK
SKU-00066,16458.0,29,Le plaisir d'avancer à sa source,ELEC,OK
SKU-00038,16511.0,32,La liberté d'atteindre vos buts avant-tout,TOOLS,OK
SKU-00186,16552.0,6,Le droit de concrétiser vos projets avant-tout,FOOD,OK
SKU-00356,16565.0,49,Le plaisir d'innover autrement,CLOTHING,OK
SKU-00286,16640.0,4,L'assurance de concrétiser vos projets naturellement,CLOTHING,OK
SKU-00427,16670.0,22,La possibilité de changer de manière sûre,OTHER,OK
SKU-00111,16684.0,1,L'assurance d'atteindre vos buts en toute tranquilité,ELEC,OK
SKU-00336,16695.0,37,La liberté d'innover en toute tranquilité,OTHER,OK
SKU-00416,16705.0,32,L'assurance de changer de manière sûre,ELEC,OK
SKU-00474,16730.0,8,L'avantage de changer à sa source,TOOLS,OK
SKU-00136,16731.0,29,La liberté de concrétiser vos projets naturellement,CLOTHING,OK
SKU-00412,16760.0,27,Le plaisir de changer à la pointe,TOOLS,OK
SKU-00342,16775.0,7,L'avantage de rouler sans soucis,TOOLS,OK
SKU-00101,16781.0,40,Le droit de rouler avant-tout,TOOLS,OK
SKU-00451,16790.0,14,Le pouvoir de changer en toute tranquilité,CLOTHING,OK
SKU-00000,16802.0,47,Le confort d'avancer à l'état pur,FOOD,OK
SKU-00317,16815.0,20,Le droit de rouler plus rapidement,FOOD,OK
SKU-00393,16820.0,43,L'assurance de changer à sa source,ELEC,OK
SKU-00002,16852.0,37,La possibilité de changer à sa source,FOOD,OK
SKU-00127,16894.0,45,L'avantage de concrétiser vos projets naturellement,TOOLS,OK
SKU-00240,17010.0,41,Le pouvoir d'atteindre vos buts à l'état pur,OTHER,OK
SKU-00307,17015.0,15,La liberté de changer naturellement,CLOTHING,OK
SKU-00008,17028.0,48,Le pouvoir d'innover naturellement,ELEC,OK
SKU-00199,17036.0,11,L'avantage d'évoluer plus facilement,CLOTHING,OK
SKU-00457,17040.0,23,L'assurance d'innover avant-tout,FOOD,OK
SKU-00315,17050.0,50,Le confort d'évoluer de manière efficace,FOOD,OK
SKU-00117,17063.0,1,Le confort d'avancer de manière sûre,ELEC,OK
SKU-00049,17092.0,45,L'avantage de changer sans soucis,OTHER,OK
SKU-00394,17110.0,42,L'avantage de concrétiser vos projets plus facilement,TOOLS,OK
SKU-00448,17110.0,41,La possibilité de louer à sa source,OTHER,OK
SKU-00269,17120.0,26,L'assurance d'innover avant-tout,OTHER,OK
SKU-00231,17185.0,39,Le confort d'avancer à l'état pur,OTHER,OK
SKU-00024,17243.0,13,Le plaisir d'innover autrement,ELEC,OK
SKU-00330,17245.0,39,L'art d'atteindre vos buts autrement,OTHER,OK
SKU-00425,17250.0,4,Le plaisir d'innover avant-tout,ELEC,OK
SKU-00208,17250.0,35,L'assurance de changer sans soucis,TOOLS,OK
SKU-00280,17270.0,20,L'art de louer à sa source,CLOTHING,OK
SKU-00446,17300.0,35,L'assurance de rouler à la pointe,FOOD,OK
SKU-00475,17310.0,44,L'assurance d'avancer à l'état pur,TOOLS,OK
SKU-00119,17313.0,22,L'assurance d'atteindre vos buts autrement,FOOD,OK
SKU-00085,17355.0,16,L'avantage d'innover autrement,TOOLS,OK
SKU-00486,17375.0,36,Le pouvoir d'évoluer de manière sûre,TOOLS,OK
SKU-00138,17420.0,18,L'art de concrétiser vos projets en toute tranquilité,ELEC,OK
SKU-00230,17435.0,19,L'assurance d'évoluer plus facilement,OTHER,OK
SKU-00337,17450.0,41,L'avantage d'atteindre vos buts plus facilement,ELEC,OK
SKU-00129,17511.0,39,Le plaisir d'innover naturellement,FOOD,OK
SKU-00358,17560.0,46,L'avantage d'avancer plus facilement,ELEC,OK
SKU-00141,17581.0,1,L'assurance d'innover plus rapidement,ELEC,OK
SKU-00135,17647.0,18,Le droit de changer à sa source,FOOD,OK
SKU-00183,17659.0,6,Le pouvoir de concrétiser vos projets naturellement,ELEC,OK
SKU-00324,17665.0,35,L'avantage de louer plus facilement,ELEC,OK
SKU-00462,17680.0,32,Le droit de louer en toute tranquilité,TOOLS,OK
SKU-00348,17690.0,49,Le droit de changer plus rapidement,ELEC,OK
SKU-00055,17725.0,4,Le confort de louer plus rapidement,FOOD,OK
SKU-00473,17740.0,45,Le plaisir de louer autrement,TOOLS,OK
SKU-00099,17763.0,5,Le confort de changer plus rapidement,TOOLS,OK
SKU-00246,17810.0,27,Le pouvoir d'atteindre vos buts à sa source,OTHER,OK
SKU-00253,17810.0,21,L'avantage de changer plus facilement,TOOLS,OK
SKU-00309,17855.0,42,L'art de concrétiser vos projets naturellement,TOOLS,OK
SKU-00058,17870.0,46,La liberté d'innover à l'état pur,ELEC,OK
SKU-00128,17877.0,23,L'avantage d'innover avant-tout,FOOD,OK
SKU-00083,17959.0,26,L'art d'atteindre vos buts à sa source,FOOD,OK
SKU-00165,17960.0,31,Le droit d'avancer sans soucis,CLOTHING,OK
SKU-00054,17964.0,45,Le plaisir de changer à la pointe,FOOD,OK
SKU-00216,17980.0,14,Le droit de louer à l'état pur,ELEC,OK
SKU-00091,18024.0,28,Le pouvoir de concrétiser vos projets autrement,TOOLS,OK
SKU-00175,18038.0,5,La possibilité de rouler à l'état pur,CLOTHING,OK
SKU-00126,18046.0,36,Le pouvoir d'évoluer à sa source,FOOD,OK
SKU-00341,18055.0,3,La liberté de louer avant-tout,TOOLS,OK
SKU-00314,18120.0,40,L'art de rouler autrement,ELEC,OK
SKU-00086,18120.0,29,L'avantage de louer naturellement,ELEC,OK
SKU-00053,18139.0,37,Le plaisir de rouler naturellement,OTHER,OK
SKU-00030,18146.0,9,L'assurance de changer de manière efficace,FOOD,OK
SKU-00391,18210.0,23,La liberté d'avancer autrement,TOOLS,OK
SKU-00354,18305.0,8,Le confort de changer de manière sûre,TOOLS,OK
SKU-00468,18330.0,27,La possibilité de concrétiser vos projets avant-tout,OTHER,OK
SKU-00405,18345.0,4,L'assurance de rouler en toute tranquilité,ELEC,OK
SKU-00329,18355.0,39,La liberté de changer en toute tranquilité,CLOTHING,OK
SKU-00453,18415.0,42,Le plaisir de changer de manière efficace,FOOD,OK
SKU-00089,18433.0,8,Le plaisir de changer à l'état pur,ELEC,OK
SKU-00019,18458.0,34,Le confort d'évoluer de manière sûre,FOOD,OK
SKU-00395,18465.0,26,Le confort de changer de manière efficace,CLOTHING,OK
SKU-00200,18490.0,16,Le plaisir d'atteindre vos buts sans soucis,ELEC,OK
SKU-00424,18525.0,40,Le confort d'atteindre vos buts à l'état pur,OTHER,OK
SKU-00321,18540.0,47,Le confort d'avancer à la pointe,CLOTHING,OK
SKU-00233,18560.0,10,L'avantage de louer de manière efficace,TOOLS,OK
SKU-00064,18578.0,15,Le confort d'innover plus facilement,TOOLS,OK
SKU-00123,18581.0,6,Le plaisir de louer de manière efficace,TOOLS,OK
SKU-00477,18650.0,1,La possibilité de concrétiser vos projets de manière efficace,FOOD,OK
SKU-00498,18650.0,34,La possibilité d'avancer sans soucis,TOOLS,OK
SKU-00189,18659.0,32,Le droit de rouler plus facilement,TOOLS,OK
SKU-00065,18672.0,8,La possibilité d'atteindre vos buts à la pointe,ELEC,OK
SKU-00409,18685.0,7,Le droit d'avancer à l'état pur,CLOTHING,OK
SKU-00322,18735.0,29,Le plaisir de rouler autrement,TOOLS,OK
SKU-00484,18745.0,45,Le plaisir d'innover plus facilement,OTHER,OK
SKU-00310,18775.0,36,Le pouvoir d'atteindre vos buts plus facilement,TOOLS,OK
SKU-00195,18792.0,20,Le pouvoir d'avancer de manière sûre,OTHER,OK
SKU-00080,18843.0,43,L'art d'atteindre vos buts plus rapidement,OTHER,OK
SKU-00237,18845.0,44,La possibilité d'avancer naturellement,TOOLS,OK
SKU-00327,18850.0,40,Le plaisir de concrétiser vos projets de manière efficace,TOOLS,OK
SKU-00218,18870.0,17,L'avantage de louer sans soucis,OTHER,OK
SKU-00399,18970.0,14,L'art d'évoluer naturellement,TOOLS,OK
SKU-00025,18980.0,41,Le droit de rouler à sa source,CLOTHING,OK
SKU-00267,19100.0,7,Le pouvoir de rouler de manière efficace,FOOD,OK
SKU-00168,19108.0,29,Le confort de concrétiser vos projets à la pointe,CLOTHING,OK
SKU-00068,19123.0,5,L'art de changer à l'état pur,FOOD,OK
SKU-00007,19181.0,21,L'avantage de changer à sa source,ELEC,OK
SKU-00250,19195.0,33,Le confort de rouler sans soucis,ELEC,OK
SKU-00355,19225.0,47,Le droit d'évoluer sans soucis,CLOTHING,OK
SKU-00328,19230.0,43,La possibilité de concrétiser vos projets en toute tranquilité,TOOLS,OK
SKU-00157,19324.0,8,L'avantage de concrétiser vos projets en toute tranquilité,TOOLS,OK
SKU-00191,19341.0,27,Le plaisir de concrétiser vos projets de manière sûre,CLOTHING,OK
SKU-00227,19365.0,38,Le plaisir de changer à l'état pur,FOOD,OK
SKU-00444,19375.0,22,L'avantage de rouler naturellement,OTHER,OK
SKU-00112,19390.0,42,Le droit de rouler à sa source,TOOLS,OK
SKU-00470,19405.0,3,La possibilité d'innover de manière efficace,FOOD,OK
SKU-00073,19421.0,27,Le pouvoir de louer en toute tranquilité,CLOTHING,OK
SKU-00487,19460.0,33,La possibilité de louer de manière efficace,ELEC,OK
SKU-00294,19470.0,2,La liberté de louer plus rapidement,TOOLS,OK
SKU-00077,19492.0,37,L'art de louer autrement,FOOD,OK
SKU-00121,19498.0,1,La liberté d'avancer de manière sûre,OTHER,OK
SKU-00159,19502.0,26,L'assurance de changer autrement,ELEC,OK
SKU-00082,19505.0,37,L'assurance d'innover à l'état pur,OTHER,OK
SKU-00282,19515.0,2,Le droit de concrétiser vos projets à l'état pur,ELEC,OK
SKU-00281,19585.0,24,La liberté d'avancer plus facilement,CLOTHING,OK
SKU-00288,19600.0,21,Le droit de rouler naturellement,CLOTHING,OK
SKU-00150,19671.0,48,Le confort d'évoluer de manière sûre,CLOTHING,OK
SKU-00387,19740.0,36,L'art de louer plus facilement,ELEC,OK
SKU-00140,19744.0,14,L'art d'avancer à sa source,ELEC,OK
SKU-00187,19778.0,50,La possibilité d'atteindre vos buts naturellement,TOOLS,OK
SKU-00494,19800.0,40,L'art de louer plus rapidement,CLOTHING,OK
SKU-00147,19852.0,14,Le droit de louer plus facilement,FOOD,OK
SKU-00366,19865.0,29,La possibilité d'évoluer sans soucis,OTHER,OK
SKU-00382,19880.0,7,Le pouvoir de louer de manière efficace,OTHER,OK
SKU-00469,19890.0,22,L'avantage de concrétiser vos projets à l'état pur,ELEC,OK
SKU-00067,19895.0,35,L'avantage d'évoluer autrement,FOOD,OK
SKU-00193,19903.0,46,L'art d'atteindre vos buts avant-tout,CLOTHING,OK
SKU-00144,19926.0,45,L'assurance de rouler de manière efficace,OTHER,OK
SKU-00078,19930.0,3,Le pouvoir de changer en toute tranquilité,OTHER,OK
SKU-00026,19953.0,8,La possibilité d'évoluer à la pointe,ELEC,OK
SKU-00458,19995.0,39,Le droit d'avancer de manière sûre,ELEC,OK
SKU-00420,20035.0,48,Le pouvoir de louer plus rapidement,OTHER,OK
SKU-00411,20140.0,44,L'art d'innover à l'état pur,OTHER,OK
SKU-00197,20194.0,48,L'assurance de louer avant-tout,CLOTHING,OK
SKU-00206,20195.0,14,L'avantage d'innover à sa source,FOOD,OK
SKU-00162,20197.0,48,Le confort d'innover sans soucis,OTHER,OK
SKU-00432,20225.0,28,Le droit d'évoluer à la pointe,OTHER,OK
SKU-00217,20275.0,0,Le plaisir de changer naturellement,ELEC,OK
SKU-00435,20285.0,45,L'art d'avancer à la pointe,FOOD,OK
SKU-00283,20370.0,6,La liberté de louer plus facilement,OTHER,OK
SKU-00113,20379.0,10,L'art de changer à l'état pur,ELEC,OK
SKU-00489,20405.0,40,Le droit de changer avant-tout,CLOTHING,OK
SKU-00236,20410.0,2,Le droit de concrétiser vos projets de manière sûre,CLOTHING,OK
SKU-00331,20535.0,44,Le pouvoir de louer plus facilement,FOOD,OK
SKU-00105,20535.0,27,La liberté d'atteindre vos buts à sa source,OTHER,OK
SKU-00167,20576.0,42,La liberté d'innover sans soucis,CLOTHING,OK
SKU-00485,20700.0,0,L'avantage d'atteindre vos buts à l'état pur,TOOLS,OK
SKU-00103,20730.0,7,Le droit de changer en toute tranquilité,CLOTHING,OK
SKU-00225,20730.0,9,La possibilité de louer de manière efficace,OTHER,OK
SKU-00454,20745.0,38,L'art d'innover de manière efficace,OTHER,OK
SKU-00273,20800.0,50,L'avantage d'atteindre vos buts à sa source,CLOTHING,OK
SKU-00326,20840.0,29,La liberté d'évoluer de manière sûre,OTHER,OK
SKU-00493,20930.0,41,Le pouvoir d'évoluer à sa source,TOOLS,OK
SKU-00006,21028.0,0,Le droit d'avancer autrement,OTHER,OK
SKU-00300,21055.0,40,Le confort d'avancer à l'état pur,ELEC,OK
SKU-00296,21085.0,15,La liberté d'évoluer avant-tout,CLOTHING,OK
SKU-00219,21090.0,44,La liberté d'avancer à l'état pur,FOOD,OK
SKU-00214,21180.0,46,L'art d'avancer naturellement,CLOTHING,OK
SKU-00368,21210.0,27,L'avantage de rouler naturellement,FOOD,OK
SKU-00378,21255.0,18,Le droit de rouler plus rapidement,CLOTHING,OK
SKU-00151,21276.0,35,Le plaisir de changer plus rapidement,CLOTHING,OK
SKU-00096,21292.0,17,Le confort de concrétiser vos projets naturellement,FOOD,OK
SKU-00139,21386.0,5,L'assurance de changer plus rapidement,OTHER,OK
SKU-00097,21390.0,45,La liberté de changer en toute tranquilité,OTHER,OK
SKU-00271,21390.0,24,La possibilité de louer plus rapidement,OTHER,OK
SKU-00220,21490.0,6,L'assurance d'atteindre vos buts plus rapidement,ELEC,OK
SKU-00441,21495.0,21,Le plaisir d'évoluer à la pointe,TOOLS,OK
SKU-00001,21514.0,8,L'avantage d'atteindre vos buts de manière efficace,ELEC,OK
SKU-00464,21525.0,16,L'art d'évoluer plus facilement,OTHER,OK
SKU-00120,21551.0,43,Le plaisir de changer plus rapidement,OTHER,OK
SKU-00190,21633.0,26,Le plaisir de concrétiser vos projets plus rapidement,TOOLS,OK
SKU-00017,21649.0,23,L'avantage d'atteindre vos buts sans soucis,TOOLS,OK
SKU-00052,21815.0,21,La liberté d'innover naturellement,ELEC,OK
SKU-00070,21859.0,25,Le confort d'atteindre vos buts de manière efficace,CLOTHING,OK
SKU-00004,21866.0,35,L'art d'avancer plus rapidement,ELEC,OK
SKU-00196,21880.0,17,Le droit d'évoluer à sa source,ELEC,OK
SKU-00232,21910.0,40,Le confort de rouler avant-tout,FOOD,OK
SKU-00104,21910.0,23,Le droit de rouler autrement,ELEC,OK
SKU-00320,21925.0,16,Le confort d'innover autrement,TOOLS,OK
SKU-00051,21937.0,7,L'assurance de changer à l'état pur,OTHER,OK
SKU-00114,21981.0,2,La liberté de rouler de manière sûre,FOOD,OK
SKU-00160,22016.0,26,La possibilité de changer à l'état pur,TOOLS,OK
SKU-00466,22070.0,18,Le plaisir de rouler de manière sûre,FOOD,OK
SKU-00431,22130.0,29,Le plaisir de concrétiser vos projets de manière sûre,FOOD,OK
SKU-00372,22150.0,9,Le pouvoir de concrétiser vos projets naturellement,TOOLS,OK
SKU-00014,22159.0,42,L'art d'atteindre vos buts en toute tranquilité,FOOD,OK
SKU-00306,22255.0,24,Le droit de rouler autrement,TOOLS,OK
SKU-00176,22276.0,22,L'avantage de concrétiser vos projets à l'état pur,FOOD,OK
SKU-00303,22425.0,28,La possibilité de rouler à l'état pur,ELEC,OK
SKU-00069,22592.0,26,La liberté d'avancer avant-tout,ELEC,OK
SKU-00274,22615.0,18,L'assurance d'avancer autrement,TOOLS,OK
SKU-00463,22750.0,12,La liberté de concrétiser vos projets naturellement,CLOTHING,OK
SKU-00194,22793.0,29,La possibilité de rouler sans soucis,TOOLS,OK
SKU-00224,22875.0,31,L'art de changer naturellement,FOOD,OK
SKU-00062,23092.0,46,L'assurance de rouler plus rapidement,CLOTHING,OK
SKU-00057,23169.0,42,La possibilité d'innover sans soucis,ELEC,OK
SKU-00181,23404.0,10,Le plaisir de concrétiser vos projets plus rapidement,TOOLS,OK
SKU-00011,23506.0,34,L'avantage d'évoluer à la pointe,FOOD,OK
SKU-00132,23512.0,12,L'art d'innover sans soucis,TOOLS,OK
SKU-00313,23545.0,43,L'assurance de concrétiser vos projets à la pointe,ELEC,OK
SKU-00396,23545.0,22,Le pouvoir d'évoluer autrement,ELEC,OK
SKU-00107,23709.0,13,Le pouvoir de rouler plus rapidement,FOOD,OK
SKU-00312,23715.0,14,L'assurance d'avancer de manière sûre,ELEC,OK
SKU-00384,23860.0,38,Le confort d'avancer autrement,OTHER,OK
SKU-00270,24070.0,15,Le confort d'évoluer autrement,CLOTHING,OK
SKU-00094,24106.0,42,Le droit d'évoluer de manière sûre,OTHER,OK
SKU-00016,24118.0,17,Le confort de changer à sa source,FOOD,OK
SKU-00134,24428.0,35,Le plaisir de changer à sa source,TOOLS,OK
SKU-00305,24780.0,29,Le confort d'évoluer plus facilement,CLOTHING,OK
SKU-00108,24785.0,22,Le confort de concrétiser vos projets plus facilement,ELEC,OK
SKU-00248,24885.0,48,L'art d'évoluer à l'état pur,ELEC,OK
SKU-00177,25117.0,48,L'assurance de concrétiser vos projets à sa source,FOOD,OK
SKU-00323,25485.0,48,L'art de changer à sa source,FOOD,OK
SKU-00158,25539.0,44,Le droit d'avancer à l'état pur,ELEC,OK
SKU-00180,26118.0,29,La possibilité d'atteindre vos buts plus rapidement,FOOD,OK
SKU-00301,27285.0,42,La possibilité de louer de manière efficace,CLOTHING,OK
SKU-00290,27410.0,39,Le plaisir d'évoluer de manière efficace,CLOTHING,OK
