schema_version,sku,label,category,unit,min_stock,published_at,line_number,rejection_reason
1.0,SKU-00000,Le confort d'avancer à l'état pur,FOOD,PCS,47,2024-01-09T00:00:00,2,"1 validation error for CatalogueRecordV1
schema_version
  Input should be '1.0' [type=literal_error, input_value=1.0, input_type=float]
    For further information visit https://errors.pydantic.dev/2.10/v/literal_error"
1.0,SKU-00001,L'avantage d'atteindre vos buts de manière efficace,ELEC,KG,8,2024-01-24T00:00:00,3,"1 validation error for CatalogueRecordV1
schema_version
  Input should be '1.0' [type=literal_error, input_value=1.0, input_type=float]
    For further information visit https://errors.pydantic.dev/2.10/v/literal_error"
1.0,SKU-00002,La possibilité de changer à sa source,FOOD,PCS,37,2024-01-14T00:00:00,4,"1 validation error for CatalogueRecordV1
schema_version
  Input should be '1.0' [type=literal_error, input_value=1.0, input_type=float]
    For further information visit https://errors.pydantic.dev/2.10/v/literal_error"
1.0,SKU-00003,L'art d'innover plus facilement,FOOD,PCS,5,2024-01-07T00:00:00,5,"1 validation error for CatalogueRecordV1
schema_version
  Input should be '1.0' [type=literal_error, input_value=1.0, input_type=float]
    For further information visit https://errors.pydantic.dev/2.10/v/literal_error"
1.0,SKU-00004,L'art d'avancer plus rapidement,ELEC,PCS,35,2024-01-07T00:00:00,6,"1 validation error for CatalogueRecordV1
schema_version
  Input should be '1.0' [type=literal_error, input_value=1.0, input_type=float]
    For further information visit https://errors.pydantic.dev/2.10/v/literal_error"
1.0,SKU-00005,L'avantage d'innover de manière sûre,OTHER,BOX,14,2024-01-15T00:00:00,7,"1 validation error for CatalogueRecordV1
schema_version
  Input should be '1.0' [type=literal_error, input_value=1.0, input_type=float]
    For further information visit https://errors.pydantic.dev/2.10/v/literal_error"
1.0,SKU-00006,Le droit d'avancer autrement,OTHER,L,0,2024-01-25T00:00:00,8,"1 validation error for CatalogueRecordV1
schema_version
  Input should be '1.0' [type=literal_error, input_value=1.0, input_type=float]
    For further information visit https://errors.pydantic.dev/2.10/v/literal_error"
1.0,SKU-00007,L'avantage de changer à sa source,ELEC,BOX,21,2024-01-09T00:00:00,9,"1 validation error for CatalogueRecordV1
schema_version
  Input should be '1.0' [type=literal_error, input_value=1.0, input_type=float]
    For further information visit https://errors.pydantic.dev/2.10/v/literal_error"
1.0,SKU-00008,Le pouvoir d'innover naturellement,ELEC,KG,48,2024-01-11T00:00:00,10,"1 validation error for CatalogueRecordV1
schema_version
  Input should be '1.0' [type=literal_error, input_value=1.0, input_type=float]
    For further information visit https://errors.pydantic.dev/2.10/v/literal_error"
1.0,SKU-00009,Le confort de louer avant-tout,FOOD,PCS,24,2024-01-04T00:00:00,11,"1 validation error for CatalogueRecordV1
schema_version
  Input should be '1.0' [type=literal_error, input_value=1.0, input_type=float]
    For further information visit https://errors.pydantic.dev/2.10/v/literal_error"
1.0,SKU-00010,La liberté d'innover à sa source,TOOLS,L,38,2024-01-09T00:00:00,12,"1 validation error for CatalogueRecordV1
schema_version
  Input should be '1.0' [type=literal_error, input_value=1.0, input_type=float]
    For further information visit https://errors.pydantic.dev/2.10/v/literal_error"
1.0,SKU-00011,L'avantage d'évoluer à la pointe,FOOD,BOX,34,2024-01-04T00:00:00,13,"1 validation error for CatalogueRecordV1
schema_version
  Input should be '1.0' [type=literal_error, input_value=1.0, input_type=float]
    For further information visit https://errors.pydantic.dev/2.10/v/literal_error"
1.0,SKU-00012,Le confort de concrétiser vos projets autrement,CLOTHING,PCS,35,2024-01-10T00:00:00,14,"1 validation error for CatalogueRecordV1
schema_version
  Input should be '1.0' [type=literal_error, input_value=1.0, input_type=float]
    For further information visit https://errors.pydantic.dev/2.10/v/literal_error"
1.0,SKU-00013,La liberté de changer à l'état pur,OTHER,L,36,2024-01-07T00:00:00,15,"1 validation error for CatalogueRecordV1
schema_version
  Input should be '1.0' [type=literal_error, input_value=1.0, input_type=float]
    For further information visit https://errors.pydantic.dev/2.10/v/literal_error"
1.0,SKU-00014,L'art d'atteindre vos buts en toute tranquilité,FOOD,PCS,42,2024-01-08T00:00:00,16,"1 validation error for CatalogueRecordV1
schema_version
  Input should be '1.0' [type=literal_error, input_value=1.0, input_type=float]
    For further information visit https://errors.pydantic.dev/2.10/v/literal_error"
1.0,SKU-00015,Le pouvoir de concrétiser vos projets plus facilement,TOOLS,PCS,14,2024-01-28T00:00:00,17,"1 validation error for CatalogueRecordV1
schema_version
  Input should be '1.0' [type=literal_error, input_value=1.0, input_type=float]
    For further information visit https://errors.pydantic.dev/2.10/v/literal_error"
1.0,SKU-00016,Le confort de changer à sa source,FOOD,BOX,17,2024-01-15T00:00:00,18,"1 validation error for CatalogueRecordV1
schema_version
  Input should be '1.0' [type=literal_error, input_value=1.0, input_type=float]
    For further information visit https://errors.pydantic.dev/2.10/v/literal_error"
1.0,SKU-00017,L'avantage d'atteindre vos buts sans soucis,TOOLS,KG,23,2024-01-12T00:00:00,19,"1 validation error for CatalogueRecordV1
schema_version
  Input should be '1.0' [type=literal_error, input_value=1.0, input_type=float]
    For further information visit https://errors.pydantic.dev/2.10/v/literal_error"
1.0,SKU-00018,L'art de changer plus facilement,ELEC,L,44,2024-01-30T00:00:00,20,"1 validation error for CatalogueRecordV1
schema_version
  Input should be '1.0' [type=literal_error, input_value=1.0, input_type=float]
    For further information visit https://errors.pydantic.dev/2.10/v/literal_error"
1.0,SKU-00019,Le confort d'évoluer de manière sûre,FOOD,KG,34,2024-01-24T00:00:00,21,"1 validation error for CatalogueRecordV1
schema_version
  Input should be '1.0' [type=literal_error, input_value=1.0, input_type=float]
    For further information visit https://errors.pydantic.dev/2.10/v/literal_error"
1.0,SKU-00020,L'avantage d'avancer autrement,ELEC,KG,29,2024-01-13T00:00:00,22,"1 validation error for CatalogueRecordV1
schema_version
  Input should be '1.0' [type=literal_error, input_value=1.0, input_type=float]
    For further information visit https://errors.pydantic.dev/2.10/v/literal_error"
1.0,SKU-00021,L'avantage de concrétiser vos projets à la pointe,TOOLS,KG,43,2024-01-11T00:00:00,23,"1 validation error for CatalogueRecordV1
schema_version
  Input should be '1.0' [type=literal_error, input_value=1.0, input_type=float]
    For further information visit https://errors.pydantic.dev/2.10/v/literal_error"
1.0,SKU-00022,La possibilité de rouler à l'état pur,FOOD,KG,2,2024-01-26T00:00:00,24,"1 validation error for CatalogueRecordV1
schema_version
  Input should be '1.0' [type=literal_error, input_value=1.0, input_type=float]
    For further information visit https://errors.pydantic.dev/2.10/v/literal_error"
1.0,SKU-00023,La liberté d'innover de manière sûre,TOOLS,BOX,17,2024-01-03T00:00:00,25,"1 validation error for CatalogueRecordV1
schema_version
  Input should be '1.0' [type=literal_error, input_value=1.0, input_type=float]
    For further information visit https://errors.pydantic.dev/2.10/v/literal_error"
1.0,SKU-00024,Le plaisir d'innover autrement,ELEC,L,13,2024-01-21T00:00:00,26,"1 validation error for CatalogueRecordV1
schema_version
  Input should be '1.0' [type=literal_error, input_value=1.0, input_type=float]
    For further information visit https://errors.pydantic.dev/2.10/v/literal_error"
1.0,SKU-00025,Le droit de rouler à sa source,CLOTHING,BOX,41,2024-01-15T00:00:00,27,"1 validation error for CatalogueRecordV1
schema_version
  Input should be '1.0' [type=literal_error, input_value=1.0, input_type=float]
    For further information visit https://errors.pydantic.dev/2.10/v/literal_error"
1.0,SKU-00026,La possibilité d'évoluer à la pointe,ELEC,L,8,2024-01-08T00:00:00,28,"1 validation error for CatalogueRecordV1
schema_version
  Input should be '1.0' [type=literal_error, input_value=1.0, input_type=float]
    For further information visit https://errors.pydantic.dev/2.10/v/literal_error"
1.0,SKU-00027,Le confort de louer de manière sûre,OTHER,L,47,2024-01-19T00:00:00,29,"1 validation error for CatalogueRecordV1
schema_version
  Input should be '1.0' [type=literal_error, input_value=1.0, input_type=float]
    For further information visit https://errors.pydantic.dev/2.10/v/literal_error"
1.0,SKU-00028,La possibilité de rouler sans soucis,CLOTHING,BOX,23,2024-01-08T00:00:00,30,"1 validation error for CatalogueRecordV1
schema_version
  Input should be '1.0' [type=literal_error, input_value=1.0, input_type=float]
    For further information visit https://errors.pydantic.dev/2.10/v/literal_error"
1.0,SKU-00029,Le droit de rouler plus rapidement,ELEC,BOX,5,2024-01-25T00:00:00,31,"1 validation error for CatalogueRecordV1
schema_version
  Input should be '1.0' [type=literal_error, input_value=1.0, input_type=float]
    For further information visit https://errors.pydantic.dev/2.10/v/literal_error"
1.0,SKU-00030,L'assurance de changer de manière efficace,FOOD,PCS,9,2024-01-21T00:00:00,32,"1 validation error for CatalogueRecordV1
schema_version
  Input should be '1.0' [type=literal_error, input_value=1.0, input_type=float]
    For further information visit https://errors.pydantic.dev/2.10/v/literal_error"
1.0,SKU-00031,L'avantage d'avancer plus rapidement,ELEC,BOX,38,2024-01-03T00:00:00,33,"1 validation error for CatalogueRecordV1
schema_version
  Input should be '1.0' [type=literal_error, input_value=1.0, input_type=float]
    For further information visit https://errors.pydantic.dev/2.10/v/literal_error"
1.0,SKU-00032,Le plaisir d'évoluer plus facilement,CLOTHING,BOX,38,2024-01-15T00:00:00,34,"1 validation error for CatalogueRecordV1
schema_version
  Input should be '1.0' [type=literal_error, input_value=1.0, input_type=float]
    For further information visit https://errors.pydantic.dev/2.10/v/literal_error"
1.0,SKU-00033,La possibilité d'évoluer en toute tranquilité,OTHER,L,35,2024-01-28T00:00:00,35,"1 validation error for CatalogueRecordV1
schema_version
  Input should be '1.0' [type=literal_error, input_value=1.0, input_type=float]
    For further information visit https://errors.pydantic.dev/2.10/v/literal_error"
1.0,SKU-00034,Le pouvoir de louer naturellement,FOOD,PCS,43,2024-01-29T00:00:00,36,"1 validation error for CatalogueRecordV1
schema_version
  Input should be '1.0' [type=literal_error, input_value=1.0, input_type=float]
    For further information visit https://errors.pydantic.dev/2.10/v/literal_error"
1.0,SKU-00035,L'art de rouler sans soucis,OTHER,L,49,2024-01-21T00:00:00,37,"1 validation error for CatalogueRecordV1
schema_version
  Input should be '1.0' [type=literal_error, input_value=1.0, input_type=float]
    For further information visit https://errors.pydantic.dev/2.10/v/literal_error"
1.0,SKU-00036,L'avantage de changer de manière efficace,TOOLS,PCS,18,2024-01-14T00:00:00,38,"1 validation error for CatalogueRecordV1
schema_version
  Input should be '1.0' [type=literal_error, input_value=1.0, input_type=float]
    For further information visit https://errors.pydantic.dev/2.10/v/literal_error"
1.0,SKU-00037,Le pouvoir de changer plus rapidement,ELEC,BOX,0,2024-01-31T00:00:00,39,"1 validation error for CatalogueRecordV1
schema_version
  Input should be '1.0' [type=literal_error, input_value=1.0, input_type=float]
    For further information visit https://errors.pydantic.dev/2.10/v/literal_error"
1.0,SKU-00038,La liberté d'atteindre vos buts avant-tout,TOOLS,KG,32,2024-01-30T00:00:00,40,"1 validation error for CatalogueRecordV1
schema_version
  Input should be '1.0' [type=literal_error, input_value=1.0, input_type=float]
    For further information visit https://errors.pydantic.dev/2.10/v/literal_error"
1.0,SKU-00039,La liberté d'avancer de manière efficace,FOOD,L,40,2024-01-17T00:00:00,41,"1 validation error for CatalogueRecordV1
schema_version
  Input should be '1.0' [type=literal_error, input_value=1.0, input_type=float]
    For further information visit https://errors.pydantic.dev/2.10/v/literal_error"
1.0,SKU-00040,Le confort d'innover naturellement,OTHER,KG,9,2024-01-12T00:00:00,42,"1 validation error for CatalogueRecordV1
schema_version
  Input should be '1.0' [type=literal_error, input_value=1.0, input_type=float]
    For further information visit https://errors.pydantic.dev/2.10/v/literal_error"
1.0,SKU-00041,Le plaisir de concrétiser vos projets de manière sûre,ELEC,PCS,38,2024-01-11T00:00:00,43,"1 validation error for CatalogueRecordV1
schema_version
  Input should be '1.0' [type=literal_error, input_value=1.0, input_type=float]
    For further information visit https://errors.pydantic.dev/2.10/v/literal_error"
1.0,SKU-00042,Le confort d'atteindre vos buts naturellement,CLOTHING,PCS,7,2024-01-30T00:00:00,44,"1 validation error for CatalogueRecordV1
schema_version
  Input should be '1.0' [type=literal_error, input_value=1.0, input_type=float]
    For further information visit https://errors.pydantic.dev/2.10/v/literal_error"
1.0,SKU-00043,Le pouvoir de rouler autrement,TOOLS,L,15,2024-01-02T00:00:00,45,"1 validation error for CatalogueRecordV1
schema_version
  Input should be '1.0' [type=literal_error, input_value=1.0, input_type=float]
    For further information visit https://errors.pydantic.dev/2.10/v/literal_error"
1.0,SKU-00044,Le droit d'innover autrement,ELEC,PCS,5,2024-01-24T00:00:00,46,"1 validation error for CatalogueRecordV1
schema_version
  Input should be '1.0' [type=literal_error, input_value=1.0, input_type=float]
    For further information visit https://errors.pydantic.dev/2.10/v/literal_error"
1.0,SKU-00045,Le confort de changer en toute tranquilité,CLOTHING,PCS,48,2024-01-18T00:00:00,47,"1 validation error for CatalogueRecordV1
schema_version
  Input should be '1.0' [type=literal_error, input_value=1.0, input_type=float]
    For further information visit https://errors.pydantic.dev/2.10/v/literal_error"
1.0,SKU-00046,La possibilité d'évoluer de manière efficace,ELEC,KG,42,2024-01-16T00:00:00,48,"1 validation error for CatalogueRecordV1
schema_version
  Input should be '1.0' [type=literal_error, input_value=1.0, input_type=float]
    For further information visit https://errors.pydantic.dev/2.10/v/literal_error"
1.0,SKU-00047,Le confort d'avancer sans soucis,OTHER,KG,16,2024-01-17T00:00:00,49,"1 validation error for CatalogueRecordV1
schema_version
  Input should be '1.0' [type=literal_error, input_value=1.0, input_type=float]
    For further information visit https://errors.pydantic.dev/2.10/v/literal_error"
1.0,SKU-00048,La liberté de changer autrement,OTHER,BOX,13,2024-01-30T00:00:00,50,"1 validation error for CatalogueRecordV1
schema_version
  Input should be '1.0' [type=literal_error, input_value=1.0, input_type=float]
    For further information visit https://errors.pydantic.dev/2.10/v/literal_error"
1.0,SKU-00049,L'avantage de changer sans soucis,OTHER,KG,45,2024-01-10T00:00:00,51,"1 validation error for CatalogueRecordV1
schema_version
  Input should be '1.0' [type=literal_error, input_value=1.0, input_type=float]
    For further information visit https://errors.pydantic.dev/2.10/v/literal_error"
1.0,SKU-00050,L'avantage d'avancer autrement,CLOTHING,L,28,2024-01-29T00:00:00,52,"1 validation error for CatalogueRecordV1
schema_version
  Input should be '1.0' [type=literal_error, input_value=1.0, input_type=float]
    For further information visit https://errors.pydantic.dev/2.10/v/literal_error"
1.0,SKU-00051,L'assurance de changer à l'état pur,OTHER,BOX,7,2024-01-08T00:00:00,53,"1 validation error for CatalogueRecordV1
schema_version
  Input should be '1.0' [type=literal_error, input_value=1.0, input_type=float]
    For further information visit https://errors.pydantic.dev/2.10/v/literal_error"
1.0,SKU-00052,La liberté d'innover naturellement,ELEC,PCS,21,2024-01-01T00:00:00,54,"1 validation error for CatalogueRecordV1
schema_version
  Input should be '1.0' [type=literal_error, input_value=1.0, input_type=float]
    For further information visit https://errors.pydantic.dev/2.10/v/literal_error"
1.0,SKU-00053,Le plaisir de rouler naturellement,OTHER,KG,37,2024-01-08T00:00:00,55,"1 validation error for CatalogueRecordV1
schema_version
  Input should be '1.0' [type=literal_error, input_value=1.0, input_type=float]
    For further information visit https://errors.pydantic.dev/2.10/v/literal_error"
1.0,SKU-00054,Le plaisir de changer à la pointe,FOOD,PCS,45,2024-01-21T00:00:00,56,"1 validation error for CatalogueRecordV1
schema_version
  Input should be '1.0' [type=literal_error, input_value=1.0, input_type=float]
    For further information visit https://errors.pydantic.dev/2.10/v/literal_error"
1.0,SKU-00055,Le confort de louer plus rapidement,FOOD,KG,4,2024-01-29T00:00:00,57,"1 validation error for CatalogueRecordV1
schema_version
  Input should be '1.0' [type=literal_error, input_value=1.0, input_type=float]
    For further information visit https://errors.pydantic.dev/2.10/v/literal_error"
1.0,SKU-00056,L'art d'innover plus facilement,FOOD,L,4,2024-01-17T00:00:00,58,"1 validation error for CatalogueRecordV1
schema_version
  Input should be '1.0' [type=literal_error, input_value=1.0, input_type=float]
    For further information visit https://errors.pydantic.dev/2.10/v/literal_error"
1.0,SKU-00057,La possibilité d'innover sans soucis,ELEC,L,42,2024-01-16T00:00:00,59,"1 validation error for CatalogueRecordV1
schema_version
  Input should be '1.0' [type=literal_error, input_value=1.0, input_type=float]
    For further information visit https://errors.pydantic.dev/2.10/v/literal_error"
1.0,SKU-00058,La liberté d'innover à l'état pur,ELEC,KG,46,2024-01-30T00:00:00,60,"1 validation error for CatalogueRecordV1
schema_version
  Input should be '1.0' [type=literal_error, input_value=1.0, input_type=float]
    For further information visit https://errors.pydantic.dev/2.10/v/literal_error"
1.0,SKU-00059,Le confort d'innover plus rapidement,OTHER,BOX,15,2024-01-26T00:00:00,61,"1 validation error for CatalogueRecordV1
schema_version
  Input should be '1.0' [type=literal_error, input_value=1.0, input_type=float]
    For further information visit https://errors.pydantic.dev/2.10/v/literal_error"
1.0,SKU-00060,La possibilité d'évoluer en toute tranquilité,CLOTHING,BOX,12,2024-01-04T00:00:00,62,"1 validation error for CatalogueRecordV1
schema_version
  Input should be '1.0' [type=literal_error, input_value=1.0, input_type=float]
    For further information visit https://errors.pydantic.dev/2.10/v/literal_error"
1.0,SKU-00061,L'avantage de changer à sa source,FOOD,BOX,22,2024-01-14T00:00:00,63,"1 validation error for CatalogueRecordV1
schema_version
  Input should be '1.0' [type=literal_error, input_value=1.0, input_type=float]
    For further information visit https://errors.pydantic.dev/2.10/v/literal_error"
1.0,SKU-00062,L'assurance de rouler plus rapidement,CLOTHING,BOX,46,2024-01-02T00:00:00,64,"1 validation error for CatalogueRecordV1
schema_version
  Input should be '1.0' [type=literal_error, input_value=1.0, input_type=float]
    For further information visit https://errors.pydantic.dev/2.10/v/literal_error"
1.0,SKU-00063,L'assurance de rouler de manière efficace,FOOD,PCS,25,2024-01-24T00:00:00,65,"1 validation error for CatalogueRecordV1
schema_version
  Input should be '1.0' [type=literal_error, input_value=1.0, input_type=float]
    For further information visit https://errors.pydantic.dev/2.10/v/literal_error"
1.0,SKU-00064,Le confort d'innover plus facilement,TOOLS,PCS,15,2024-01-07T00:00:00,66,"1 validation error for CatalogueRecordV1
schema_version
  Input should be '1.0' [type=literal_error, input_value=1.0, input_type=float]
    For further information visit https://errors.pydantic.dev/2.10/v/literal_error"
1.0,SKU-00065,La possibilité d'atteindre vos buts à la pointe,ELEC,BOX,8,2024-01-14T00:00:00,67,"1 validation error for CatalogueRecordV1
schema_version
  Input should be '1.0' [type=literal_error, input_value=1.0, input_type=float]
    For further information visit https://errors.pydantic.dev/2.10/v/literal_error"
1.0,SKU-00066,Le plaisir d'avancer à sa source,ELEC,L,29,2024-01-08T00:00:00,68,"1 validation error for CatalogueRecordV1
schema_version
  Input should be '1.0' [type=literal_error, input_value=1.0, input_type=float]
    For further information visit https://errors.pydantic.dev/2.10/v/literal_error"
1.0,SKU-00067,L'avantage d'évoluer autrement,FOOD,BOX,35,2024-01-04T00:00:00,69,"1 validation error for CatalogueRecordV1
schema_version
  Input should be '1.0' [type=literal_error, input_value=1.0, input_type=float]
    For further information visit https://errors.pydantic.dev/2.10/v/literal_error"
1.0,SKU-00068,L'art de changer à l'état pur,FOOD,PCS,5,2024-01-30T00:00:00,70,"1 validation error for CatalogueRecordV1
schema_version
  Input should be '1.0' [type=literal_error, input_value=1.0, input_type=float]
    For further information visit https://errors.pydantic.dev/2.10/v/literal_error"
1.0,SKU-00069,La liberté d'avancer avant-tout,ELEC,KG,26,2024-01-16T00:00:00,71,"1 validation error for CatalogueRecordV1
schema_version
  Input should be '1.0' [type=literal_error, input_value=1.0, input_type=float]
    For further information visit https://errors.pydantic.dev/2.10/v/literal_error"
1.0,SKU-00070,Le confort d'atteindre vos buts de manière efficace,CLOTHING,KG,25,2024-01-29T00:00:00,72,"1 validation error for CatalogueRecordV1
schema_version
  Input should be '1.0' [type=literal_error, input_value=1.0, input_type=float]
    For further information visit https://errors.pydantic.dev/2.10/v/literal_error"
1.0,SKU-00071,L'art d'atteindre vos buts de manière sûre,FOOD,KG,24,2024-01-01T00:00:00,73,"1 validation error for CatalogueRecordV1
schema_version
  Input should be '1.0' [type=literal_error, input_value=1.0, input_type=float]
    For further information visit https://errors.pydantic.dev/2.10/v/literal_error"
1.0,SKU-00072,L'assurance d'évoluer de manière sûre,CLOTHING,L,50,2024-01-26T00:00:00,74,"1 validation error for CatalogueRecordV1
schema_version
  Input should be '1.0' [type=literal_error, input_value=1.0, input_type=float]
    For further information visit https://errors.pydantic.dev/2.10/v/literal_error"
1.0,SKU-00073,Le pouvoir de louer en toute tranquilité,CLOTHING,L,27,2024-01-23T00:00:00,75,"1 validation error for CatalogueRecordV1
schema_version
  Input should be '1.0' [type=literal_error, input_value=1.0, input_type=float]
    For further information visit https://errors.pydantic.dev/2.10/v/literal_error"
1.0,SKU-00074,L'assurance de louer à l'état pur,OTHER,BOX,9,2024-01-07T00:00:00,76,"1 validation error for CatalogueRecordV1
schema_version
  Input should be '1.0' [type=literal_error, input_value=1.0, input_type=float]
    For further information visit https://errors.pydantic.dev/2.10/v/literal_error"
1.0,SKU-00075,La liberté de louer de manière efficace,TOOLS,KG,3,2024-01-19T00:00:00,77,"1 validation error for CatalogueRecordV1
schema_version
  Input should be '1.0' [type=literal_error, input_value=1.0, input_type=float]
    For further information visit https://errors.pydantic.dev/2.10/v/literal_error"
1.0,SKU-00076,L'assurance d'évoluer sans soucis,OTHER,PCS,47,2024-01-11T00:00:00,78,"1 validation error for CatalogueRecordV1
schema_version
  Input should be '1.0' [type=literal_error, input_value=1.0, input_type=float]
    For further information visit https://errors.pydantic.dev/2.10/v/literal_error"
1.0,SKU-00077,L'art de louer autrement,FOOD,PCS,37,2024-01-16T00:00:00,79,"1 validation error for CatalogueRecordV1
schema_version
  Input should be '1.0' [type=literal_error, input_value=1.0, input_type=float]
    For further information visit https://errors.pydantic.dev/2.10/v/literal_error"
1.0,SKU-00078,Le pouvoir de changer en toute tranquilité,OTHER,KG,3,2024-01-31T00:00:00,80,"1 validation error for CatalogueRecordV1
schema_version
  Input should be '1.0' [type=literal_error, input_value=1.0, input_type=float]
    For further information visit https://errors.pydantic.dev/2.10/v/literal_error"
1.0,SKU-00079,Le pouvoir de rouler à la pointe,OTHER,PCS,11,2024-01-03T00:00:00,81,"1 validation error for CatalogueRecordV1
schema_version
  Input should be '1.0' [type=literal_error, input_value=1.0, input_type=float]
    For further information visit https://errors.pydantic.dev/2.10/v/literal_error"
1.0,SKU-00080,L'art d'atteindre vos buts plus rapidement,OTHER,PCS,43,2024-01-28T00:00:00,82,"1 validation error for CatalogueRecordV1
schema_version
  Input should be '1.0' [type=literal_error, input_value=1.0, input_type=float]
    For further information visit https://errors.pydantic.dev/2.10/v/literal_error"
1.0,SKU-00081,L'avantage de louer à l'état pur,ELEC,BOX,7,2024-01-31T00:00:00,83,"1 validation error for CatalogueRecordV1
schema_version
  Input should be '1.0' [type=literal_error, input_value=1.0, input_type=float]
    For further information visit https://errors.pydantic.dev/2.10/v/literal_error"
1.0,SKU-00082,L'assurance d'innover à l'état pur,OTHER,KG,37,2024-01-20T00:00:00,84,"1 validation error for CatalogueRecordV1
schema_version
  Input should be '1.0' [type=literal_error, input_value=1.0, input_type=float]
    For further information visit https://errors.pydantic.dev/2.10/v/literal_error"
1.0,SKU-00083,L'art d'atteindre vos buts à sa source,FOOD,PCS,26,2024-01-22T00:00:00,85,"1 validation error for CatalogueRecordV1
schema_version
  Input should be '1.0' [type=literal_error, input_value=1.0, input_type=float]
    For further information visit https://errors.pydantic.dev/2.10/v/literal_error"
1.0,SKU-00084,La liberté d'atteindre vos buts à l'état pur,OTHER,L,16,2024-01-07T00:00:00,86,"1 validation error for CatalogueRecordV1
schema_version
  Input should be '1.0' [type=literal_error, input_value=1.0, input_type=float]
    For further information visit https://errors.pydantic.dev/2.10/v/literal_error"
1.0,SKU-00085,L'avantage d'innover autrement,TOOLS,KG,16,2024-01-13T00:00:00,87,"1 validation error for CatalogueRecordV1
schema_version
  Input should be '1.0' [type=literal_error, input_value=1.0, input_type=float]
    For further information visit https://errors.pydantic.dev/2.10/v/literal_error"
1.0,SKU-00086,L'avantage de louer naturellement,ELEC,L,29,2024-01-11T00:00:00,88,"1 validation error for CatalogueRecordV1
schema_version
  Input should be '1.0' [type=literal_error, input_value=1.0, input_type=float]
    For further information visit https://errors.pydantic.dev/2.10/v/literal_error"
1.0,SKU-00087,Le droit de changer à la pointe,FOOD,PCS,29,2024-01-20T00:00:00,89,"1 validation error for CatalogueRecordV1
schema_version
  Input should be '1.0' [type=literal_error, input_value=1.0, input_type=float]
    For further information visit https://errors.pydantic.dev/2.10/v/literal_error"
1.0,SKU-00088,Le confort d'avancer en toute tranquilité,OTHER,PCS,4,2024-01-18T00:00:00,90,"1 validation error for CatalogueRecordV1
schema_version
  Input should be '1.0' [type=literal_error, input_value=1.0, input_type=float]
    For further information visit https://errors.pydantic.dev/2.10/v/literal_error"
1.0,SKU-00089,Le plaisir de changer à l'état pur,ELEC,L,8,2024-01-30T00:00:00,91,"1 validation error for CatalogueRecordV1
schema_version
  Input should be '1.0' [type=literal_error, input_value=1.0, input_type=float]
    For further information visit https://errors.pydantic.dev/2.10/v/literal_error"
1.0,SKU-00090,Le droit d'atteindre vos buts à l'état pur,TOOLS,PCS,15,2024-01-12T00:00:00,92,"1 validation error for CatalogueRecordV1
schema_version
  Input should be '1.0' [type=literal_error, input_value=1.0, input_type=float]
    For further information visit https://errors.pydantic.dev/2.10/v/literal_error"
1.0,SKU-00091,Le pouvoir de concrétiser vos projets autrement,TOOLS,KG,28,2024-01-27T00:00:00,93,"1 validation error for CatalogueRecordV1
schema_version
  Input should be '1.0' [type=literal_error, input_value=1.0, input_type=float]
    For further information visit https://errors.pydantic.dev/2.10/v/literal_error"
1.0,SKU-00092,Le confort de rouler de manière sûre,OTHER,L,39,2024-01-26T00:00:00,94,"1 validation error for CatalogueRecordV1
schema_version
  Input should be '1.0' [type=literal_error, input_value=1.0, input_type=float]
    For further information visit https://errors.pydantic.dev/2.10/v/literal_error"
1.0,SKU-00093,Le pouvoir de changer plus facilement,OTHER,PCS,42,2024-01-27T00:00:00,95,"1 validation error for CatalogueRecordV1
schema_version
  Input should be '1.0' [type=literal_error, input_value=1.0, input_type=float]
    For further information visit https://errors.pydantic.dev/2.10/v/literal_error"
1.0,SKU-00094,Le droit d'évoluer de manière sûre,OTHER,L,42,2024-01-04T00:00:00,96,"1 validation error for CatalogueRecordV1
schema_version
  Input should be '1.0' [type=literal_error, input_value=1.0, input_type=float]
    For further information visit https://errors.pydantic.dev/2.10/v/literal_error"
1.0,SKU-00095,La liberté de louer de manière sûre,ELEC,L,7,2024-01-29T00:00:00,97,"1 validation error for CatalogueRecordV1
schema_version
  Input should be '1.0' [type=literal_error, input_value=1.0, input_type=float]
    For further information visit https://errors.pydantic.dev/2.10/v/literal_error"
1.0,SKU-00096,Le confort de concrétiser vos projets naturellement,FOOD,KG,17,2024-01-10T00:00:00,98,"1 validation error for CatalogueRecordV1
schema_version
  Input should be '1.0' [type=literal_error, input_value=1.0, input_type=float]
    For further information visit https://errors.pydantic.dev/2.10/v/literal_error"
1.0,SKU-00097,La liberté de changer en toute tranquilité,OTHER,KG,45,2024-01-11T00:00:00,99,"1 validation error for CatalogueRecordV1
schema_version
  Input should be '1.0' [type=literal_error, input_value=1.0, input_type=float]
    For further information visit https://errors.pydantic.dev/2.10/v/literal_error"
1.0,SKU-00098,L'art de louer à la pointe,ELEC,L,32,2024-01-16T00:00:00,100,"1 validation error for CatalogueRecordV1
schema_version
  Input should be '1.0' [type=literal_error, input_value=1.0, input_type=float]
    For further information visit https://errors.pydantic.dev/2.10/v/literal_error"
1.0,SKU-00099,Le confort de changer plus rapidement,TOOLS,PCS,5,2024-01-21T00:00:00,101,"1 validation error for CatalogueRecordV1
schema_version
  Input should be '1.0' [type=literal_error, input_value=1.0, input_type=float]
    For further information visit https://errors.pydantic.dev/2.10/v/literal_error"
1.0,SKU-00100,Le pouvoir de louer à la pointe,CLOTHING,L,2,2024-01-01T00:00:00,102,"1 validation error for CatalogueRecordV1
schema_version
  Input should be '1.0' [type=literal_error, input_value=1.0, input_type=float]
    For further information visit https://errors.pydantic.dev/2.10/v/literal_error"
1.0,SKU-00101,Le droit de rouler avant-tout,TOOLS,KG,40,2024-01-09T00:00:00,103,"1 validation error for CatalogueRecordV1
schema_version
  Input should be '1.0' [type=literal_error, input_value=1.0, input_type=float]
    For further information visit https://errors.pydantic.dev/2.10/v/literal_error"
1.0,SKU-00102,Le pouvoir d'atteindre vos buts à la pointe,ELEC,BOX,35,2024-01-23T00:00:00,104,"1 validation error for CatalogueRecordV1
schema_version
  Input should be '1.0' [type=literal_error, input_value=1.0, input_type=float]
    For further information visit https://errors.pydantic.dev/2.10/v/literal_error"
1.0,SKU-00103,Le droit de changer en toute tranquilité,CLOTHING,PCS,7,2024-01-03T00:00:00,105,"1 validation error for CatalogueRecordV1
schema_version
  Input should be '1.0' [type=literal_error, input_value=1.0, input_type=float]
    For further information visit https://errors.pydantic.dev/2.10/v/literal_error"
1.0,SKU-00104,Le droit de rouler autrement,ELEC,PCS,23,2024-01-19T00:00:00,106,"1 validation error for CatalogueRecordV1
schema_version
  Input should be '1.0' [type=literal_error, input_value=1.0, input_type=float]
    For further information visit https://errors.pydantic.dev/2.10/v/literal_error"
1.0,SKU-00105,La liberté d'atteindre vos buts à sa source,OTHER,KG,27,2024-01-05T00:00:00,107,"1 validation error for CatalogueRecordV1
schema_version
  Input should be '1.0' [type=literal_error, input_value=1.0, input_type=float]
    For further information visit https://errors.pydantic.dev/2.10/v/literal_error"
1.0,SKU-00106,Le droit d'évoluer sans soucis,FOOD,L,23,2024-01-29T00:00:00,108,"1 validation error for CatalogueRecordV1
schema_version
  Input should be '1.0' [type=literal_error, input_value=1.0, input_type=float]
    For further information visit https://errors.pydantic.dev/2.10/v/literal_error"
1.0,SKU-00107,Le pouvoir de rouler plus rapidement,FOOD,L,13,2024-01-22T00:00:00,109,"1 validation error for CatalogueRecordV1
schema_version
  Input should be '1.0' [type=literal_error, input_value=1.0, input_type=float]
    For further information visit https://errors.pydantic.dev/2.10/v/literal_error"
1.0,SKU-00108,Le confort de concrétiser vos projets plus facilement,ELEC,PCS,22,2024-01-25T00:00:00,110,"1 validation error for CatalogueRecordV1
schema_version
  Input should be '1.0' [type=literal_error, input_value=1.0, input_type=float]
    For further information visit https://errors.pydantic.dev/2.10/v/literal_error"
1.0,SKU-00109,L'assurance d'atteindre vos buts avant-tout,OTHER,BOX,39,2024-01-24T00:00:00,111,"1 validation error for CatalogueRecordV1
schema_version
  Input should be '1.0' [type=literal_error, input_value=1.0, input_type=float]
    For further information visit https://errors.pydantic.dev/2.10/v/literal_error"
1.0,SKU-00110,Le droit de louer avant-tout,ELEC,KG,10,2024-01-26T00:00:00,112,"1 validation error for CatalogueRecordV1
schema_version
  Input should be '1.0' [type=literal_error, input_value=1.0, input_type=float]
    For further information visit https://errors.pydantic.dev/2.10/v/literal_error"
1.0,SKU-00111,L'assurance d'atteindre vos buts en toute tranquilité,ELEC,BOX,1,2024-01-06T00:00:00,113,"1 validation error for CatalogueRecordV1
schema_version
  Input should be '1.0' [type=literal_error, input_value=1.0, input_type=float]
    For further information visit https://errors.pydantic.dev/2.10/v/literal_error"
1.0,SKU-00112,Le droit de rouler à sa source,TOOLS,BOX,42,2024-01-28T00:00:00,114,"1 validation error for CatalogueRecordV1
schema_version
  Input should be '1.0' [type=literal_error, input_value=1.0, input_type=float]
    For further information visit https://errors.pydantic.dev/2.10/v/literal_error"
1.0,SKU-00113,L'art de changer à l'état pur,ELEC,L,10,2024-01-26T00:00:00,115,"1 validation error for CatalogueRecordV1
schema_version
  Input should be '1.0' [type=literal_error, input_value=1.0, input_type=float]
    For further information visit https://errors.pydantic.dev/2.10/v/literal_error"
1.0,SKU-00114,La liberté de rouler de manière sûre,FOOD,BOX,2,2024-01-28T00:00:00,116,"1 validation error for CatalogueRecordV1
schema_version
  Input should be '1.0' [type=literal_error, input_value=1.0, input_type=float]
    For further information visit https://errors.pydantic.dev/2.10/v/literal_error"
1.0,SKU-00115,Le droit d'avancer sans soucis,CLOTHING,KG,12,2024-01-27T00:00:00,117,"1 validation error for CatalogueRecordV1
schema_version
  Input should be '1.0' [type=literal_error, input_value=1.0, input_type=float]
    For further information visit https://errors.pydantic.dev/2.10/v/literal_error"
1.0,SKU-00116,Le droit d'innover de manière sûre,CLOTHING,L,19,2024-01-27T00:00:00,118,"1 validation error for CatalogueRecordV1
schema_version
  Input should be '1.0' [type=literal_error, input_value=1.0, input_type=float]
    For further information visit https://errors.pydantic.dev/2.10/v/literal_error"
1.0,SKU-00117,Le confort d'avancer de manière sûre,ELEC,KG,1,2024-01-22T00:00:00,119,"1 validation error for CatalogueRecordV1
schema_version
  Input should be '1.0' [type=literal_error, input_value=1.0, input_type=float]
    For further information visit https://errors.pydantic.dev/2.10/v/literal_error"
1.0,SKU-00118,L'assurance d'avancer sans soucis,ELEC,BOX,21,2024-01-09T00:00:00,120,"1 validation error for CatalogueRecordV1
schema_version
  Input should be '1.0' [type=literal_error, input_value=1.0, input_type=float]
    For further information visit https://errors.pydantic.dev/2.10/v/literal_error"
1.0,SKU-00119,L'assurance d'atteindre vos buts autrement,FOOD,L,22,2024-01-21T00:00:00,121,"1 validation error for CatalogueRecordV1
schema_version
  Input should be '1.0' [type=literal_error, input_value=1.0, input_type=float]
    For further information visit https://errors.pydantic.dev/2.10/v/literal_error"
1.0,SKU-00120,Le plaisir de changer plus rapidement,OTHER,BOX,43,2024-01-27T00:00:00,122,"1 validation error for CatalogueRecordV1
schema_version
  Input should be '1.0' [type=literal_error, input_value=1.0, input_type=float]
    For further information visit https://errors.pydantic.dev/2.10/v/literal_error"
1.0,SKU-00121,La liberté d'avancer de manière sûre,OTHER,L,1,2024-01-04T00:00:00,123,"1 validation error for CatalogueRecordV1
schema_version
  Input should be '1.0' [type=literal_error, input_value=1.0, input_type=float]
    For further information visit https://errors.pydantic.dev/2.10/v/literal_error"
1.0,SKU-00122,L'art d'atteindre vos buts à l'état pur,TOOLS,KG,37,2024-01-31T00:00:00,124,"1 validation error for CatalogueRecordV1
schema_version
  Input should be '1.0' [type=literal_error, input_value=1.0, input_type=float]
    For further information visit https://errors.pydantic.dev/2.10/v/literal_error"
1.0,SKU-00123,Le plaisir de louer de manière efficace,TOOLS,PCS,6,2024-01-20T00:00:00,125,"1 validation error for CatalogueRecordV1
schema_version
  Input should be '1.0' [type=literal_error, input_value=1.0, input_type=float]
    For further information visit https://errors.pydantic.dev/2.10/v/literal_error"
1.0,SKU-00124,Le droit d'avancer autrement,CLOTHING,L,46,2024-01-26T00:00:00,126,"1 validation error for CatalogueRecordV1
schema_version
  Input should be '1.0' [type=literal_error, input_value=1.0, input_type=float]
    For further information visit https://errors.pydantic.dev/2.10/v/literal_error"
1.0,SKU-00125,La liberté de concrétiser vos projets à sa source,TOOLS,BOX,38,2024-01-17T00:00:00,127,"1 validation error for CatalogueRecordV1
schema_version
  Input should be '1.0' [type=literal_error, input_value=1.0, input_type=float]
    For further information visit https://errors.pydantic.dev/2.10/v/literal_error"
1.0,SKU-00126,Le pouvoir d'évoluer à sa source,FOOD,BOX,36,2024-01-07T00:00:00,128,"1 validation error for CatalogueRecordV1
schema_version
  Input should be '1.0' [type=literal_error, input_value=1.0, input_type=float]
    For further information visit https://errors.pydantic.dev/2.10/v/literal_error"
1.0,SKU-00127,L'avantage de concrétiser vos projets naturellement,TOOLS,PCS,45,2024-01-14T00:00:00,129,"1 validation error for CatalogueRecordV1
schema_version
  Input should be '1.0' [type=literal_error, input_value=1.0, input_type=float]
    For further information visit https://errors.pydantic.dev/2.10/v/literal_error"
1.0,SKU-00128,L'avantage d'innover avant-tout,FOOD,KG,23,2024-01-14T00:00:00,130,"1 validation error for CatalogueRecordV1
schema_version
  Input should be '1.0' [type=literal_error, input_value=1.0, input_type=float]
    For further information visit https://errors.pydantic.dev/2.10/v/literal_error"
1.0,SKU-00129,Le plaisir d'innover naturellement,FOOD,L,39,2024-01-11T00:00:00,131,"1 validation error for CatalogueRecordV1
schema_version
  Input should be '1.0' [type=literal_error, input_value=1.0, input_type=float]
    For further information visit https://errors.pydantic.dev/2.10/v/literal_error"
1.0,SKU-00130,Le droit d'atteindre vos buts avant-tout,FOOD,L,32,2024-01-10T00:00:00,132,"1 validation error for CatalogueRecordV1
schema_version
  Input should be '1.0' [type=literal_error, input_value=1.0, input_type=float]
    For further information visit https://errors.pydantic.dev/2.10/v/literal_error"
1.0,SKU-00131,Le droit de louer plus facilement,CLOTHING,L,25,2024-01-23T00:00:00,133,"1 validation error for CatalogueRecordV1
schema_version
  Input should be '1.0' [type=literal_error, input_value=1.0, input_type=float]
    For further information visit https://errors.pydantic.dev/2.10/v/literal_error"
1.0,SKU-00132,L'art d'innover sans soucis,TOOLS,KG,12,2024-01-14T00:00:00,134,"1 validation error for CatalogueRecordV1
schema_version
  Input should be '1.0' [type=literal_error, input_value=1.0, input_type=float]
    For further information visit https://errors.pydantic.dev/2.10/v/literal_error"
1.0,SKU-00133,La possibilité de rouler à la pointe,CLOTHING,KG,39,2024-01-19T00:00:00,135,"1 validation error for CatalogueRecordV1
schema_version
  Input should be '1.0' [type=literal_error, input_value=1.0, input_type=float]
    For further information visit https://errors.pydantic.dev/2.10/v/literal_error"
1.0,SKU-00134,Le plaisir de changer à sa source,TOOLS,BOX,35,2024-01-27T00:00:00,136,"1 validation error for CatalogueRecordV1
schema_version
  Input should be '1.0' [type=literal_error, input_value=1.0, input_type=float]
    For further information visit https://errors.pydantic.dev/2.10/v/literal_error"
1.0,SKU-00135,Le droit de changer à sa source,FOOD,L,18,2024-01-07T00:00:00,137,"1 validation error for CatalogueRecordV1
schema_version
  Input should be '1.0' [type=literal_error, input_value=1.0, input_type=float]
    For further information visit https://errors.pydantic.dev/2.10/v/literal_error"
1.0,SKU-00136,La liberté de concrétiser vos projets naturellement,CLOTHING,L,29,2024-01-15T00:00:00,138,"1 validation error for CatalogueRecordV1
schema_version
  Input should be '1.0' [type=literal_error, input_value=1.0, input_type=float]
    For further information visit https://errors.pydantic.dev/2.10/v/literal_error"
1.0,SKU-00137,Le droit de louer autrement,CLOTHING,KG,32,2024-01-16T00:00:00,139,"1 validation error for CatalogueRecordV1
schema_version
  Input should be '1.0' [type=literal_error, input_value=1.0, input_type=float]
    For further information visit https://errors.pydantic.dev/2.10/v/literal_error"
1.0,SKU-00138,L'art de concrétiser vos projets en toute tranquilité,ELEC,PCS,18,2024-01-17T00:00:00,140,"1 validation error for CatalogueRecordV1
schema_version
  Input should be '1.0' [type=literal_error, input_value=1.0, input_type=float]
    For further information visit https://errors.pydantic.dev/2.10/v/literal_error"
1.0,SKU-00139,L'assurance de changer plus rapidement,OTHER,L,5,2024-01-27T00:00:00,141,"1 validation error for CatalogueRecordV1
schema_version
  Input should be '1.0' [type=literal_error, input_value=1.0, input_type=float]
    For further information visit https://errors.pydantic.dev/2.10/v/literal_error"
1.0,SKU-00140,L'art d'avancer à sa source,ELEC,L,14,2024-01-26T00:00:00,142,"1 validation error for CatalogueRecordV1
schema_version
  Input should be '1.0' [type=literal_error, input_value=1.0, input_type=float]
    For further information visit https://errors.pydantic.dev/2.10/v/literal_error"
1.0,SKU-00141,L'assurance d'innover plus rapidement,ELEC,KG,1,2024-01-02T00:00:00,143,"1 validation error for CatalogueRecordV1
schema_version
  Input should be '1.0' [type=literal_error, input_value=1.0, input_type=float]
    For further information visit https://errors.pydantic.dev/2.10/v/literal_error"
1.0,SKU-00142,L'assurance de changer avant-tout,ELEC,BOX,39,2024-01-28T00:00:00,144,"1 validation error for CatalogueRecordV1
schema_version
  Input should be '1.0' [type=literal_error, input_value=1.0, input_type=float]
    For further information visit https://errors.pydantic.dev/2.10/v/literal_error"
1.0,SKU-00143,L'assurance de rouler à sa source,FOOD,BOX,26,2024-01-29T00:00:00,145,"1 validation error for CatalogueRecordV1
schema_version
  Input should be '1.0' [type=literal_error, input_value=1.0, input_type=float]
    For further information visit https://errors.pydantic.dev/2.10/v/literal_error"
1.0,SKU-00144,L'assurance de rouler de manière efficace,OTHER,KG,45,2024-01-23T00:00:00,146,"1 validation error for CatalogueRecordV1
schema_version
  Input should be '1.0' [type=literal_error, input_value=1.0, input_type=float]
    For further information visit https://errors.pydantic.dev/2.10/v/literal_error"
1.0,SKU-00145,Le confort de concrétiser vos projets plus rapidement,CLOTHING,BOX,25,2024-01-08T00:00:00,147,"1 validation error for CatalogueRecordV1
schema_version
  Input should be '1.0' [type=literal_error, input_value=1.0, input_type=float]
    For further information visit https://errors.pydantic.dev/2.10/v/literal_error"
1.0,SKU-00146,L'avantage d'innover naturellement,ELEC,PCS,48,2024-01-28T00:00:00,148,"1 validation error for CatalogueRecordV1
schema_version
  Input should be '1.0' [type=literal_error, input_value=1.0, input_type=float]
    For further information visit https://errors.pydantic.dev/2.10/v/literal_error"
1.0,SKU-00147,Le droit de louer plus facilement,FOOD,BOX,14,2024-01-06T00:00:00,149,"1 validation error for CatalogueRecordV1
schema_version
  Input should be '1.0' [type=literal_error, input_value=1.0, input_type=float]
    For further information visit https://errors.pydantic.dev/2.10/v/literal_error"
1.0,SKU-00148,L'assurance de concrétiser vos projets plus rapidement,OTHER,BOX,3,2024-01-18T00:00:00,150,"1 validation error for CatalogueRecordV1
schema_version
  Input should be '1.0' [type=literal_error, input_value=1.0, input_type=float]
    For further information visit https://errors.pydantic.dev/2.10/v/literal_error"
1.0,SKU-00149,Le pouvoir de concrétiser vos projets plus rapidement,ELEC,PCS,29,2024-01-05T00:00:00,151,"1 validation error for CatalogueRecordV1
schema_version
  Input should be '1.0' [type=literal_error, input_value=1.0, input_type=float]
    For further information visit https://errors.pydantic.dev/2.10/v/literal_error"
1.0,SKU-00150,Le confort d'évoluer de manière sûre,CLOTHING,L,48,2024-01-29T00:00:00,152,"1 validation error for CatalogueRecordV1
schema_version
  Input should be '1.0' [type=literal_error, input_value=1.0, input_type=float]
    For further information visit https://errors.pydantic.dev/2.10/v/literal_error"
1.0,SKU-00151,Le plaisir de changer plus rapidement,CLOTHING,BOX,35,2024-01-15T00:00:00,153,"1 validation error for CatalogueRecordV1
schema_version
  Input should be '1.0' [type=literal_error, input_value=1.0, input_type=float]
    For further information visit https://errors.pydantic.dev/2.10/v/literal_error"
1.0,SKU-00152,L'avantage de changer de manière sûre,ELEC,BOX,28,2024-01-09T00:00:00,154,"1 validation error for CatalogueRecordV1
schema_version
  Input should be '1.0' [type=literal_error, input_value=1.0, input_type=float]
    For further information visit https://errors.pydantic.dev/2.10/v/literal_error"
1.0,SKU-00153,Le droit de concrétiser vos projets en toute tranquilité,ELEC,L,49,2024-01-25T00:00:00,155,"1 validation error for CatalogueRecordV1
schema_version
  Input should be '1.0' [type=literal_error, input_value=1.0, input_type=float]
    For further information visit https://errors.pydantic.dev/2.10/v/literal_error"
1.0,SKU-00154,L'assurance de rouler sans soucis,OTHER,BOX,40,2024-01-08T00:00:00,156,"1 validation error for CatalogueRecordV1
schema_version
  Input should be '1.0' [type=literal_error, input_value=1.0, input_type=float]
    For further information visit https://errors.pydantic.dev/2.10/v/literal_error"
1.0,SKU-00155,Le confort de changer plus facilement,TOOLS,BOX,4,2024-01-23T00:00:00,157,"1 validation error for CatalogueRecordV1
schema_version
  Input should be '1.0' [type=literal_error, input_value=1.0, input_type=float]
    For further information visit https://errors.pydantic.dev/2.10/v/literal_error"
1.0,SKU-00156,Le confort de rouler autrement,TOOLS,KG,17,2024-01-11T00:00:00,158,"1 validation error for CatalogueRecordV1
schema_version
  Input should be '1.0' [type=literal_error, input_value=1.0, input_type=float]
    For further information visit https://errors.pydantic.dev/2.10/v/literal_error"
1.0,SKU-00157,L'avantage de concrétiser vos projets en toute tranquilité,TOOLS,PCS,8,2024-01-05T00:00:00,159,"1 validation error for CatalogueRecordV1
schema_version
  Input should be '1.0' [type=literal_error, input_value=1.0, input_type=float]
    For further information visit https://errors.pydantic.dev/2.10/v/literal_error"
1.0,SKU-00158,Le droit d'avancer à l'état pur,ELEC,BOX,44,2024-01-05T00:00:00,160,"1 validation error for CatalogueRecordV1
schema_version
  Input should be '1.0' [type=literal_error, input_value=1.0, input_type=float]
    For further information visit https://errors.pydantic.dev/2.10/v/literal_error"
1.0,SKU-00159,L'assurance de changer autrement,ELEC,PCS,26,2024-01-14T00:00:00,161,"1 validation error for CatalogueRecordV1
schema_version
  Input should be '1.0' [type=literal_error, input_value=1.0, input_type=float]
    For further information visit https://errors.pydantic.dev/2.10/v/literal_error"
1.0,SKU-00160,La possibilité de changer à l'état pur,TOOLS,BOX,26,2024-01-02T00:00:00,162,"1 validation error for CatalogueRecordV1
schema_version
  Input should be '1.0' [type=literal_error, input_value=1.0, input_type=float]
    For further information visit https://errors.pydantic.dev/2.10/v/literal_error"
1.0,SKU-00161,L'assurance d'évoluer plus rapidement,ELEC,BOX,24,2024-01-29T00:00:00,163,"1 validation error for CatalogueRecordV1
schema_version
  Input should be '1.0' [type=literal_error, input_value=1.0, input_type=float]
    For further information visit https://errors.pydantic.dev/2.10/v/literal_error"
1.0,SKU-00162,Le confort d'innover sans soucis,OTHER,PCS,48,2024-01-19T00:00:00,164,"1 validation error for CatalogueRecordV1
schema_version
  Input should be '1.0' [type=literal_error, input_value=1.0, input_type=float]
    For further information visit https://errors.pydantic.dev/2.10/v/literal_error"
1.0,SKU-00163,Le droit d'avancer naturellement,CLOTHING,BOX,0,2024-01-31T00:00:00,165,"1 validation error for CatalogueRecordV1
schema_version
  Input should be '1.0' [type=literal_error, input_value=1.0, input_type=float]
    For further information visit https://errors.pydantic.dev/2.10/v/literal_error"
1.0,SKU-00164,Le pouvoir d'innover à la pointe,TOOLS,L,48,2024-01-13T00:00:00,166,"1 validation error for CatalogueRecordV1
schema_version
  Input should be '1.0' [type=literal_error, input_value=1.0, input_type=float]
    For further information visit https://errors.pydantic.dev/2.10/v/literal_error"
1.0,SKU-00165,Le droit d'avancer sans soucis,CLOTHING,KG,31,2024-01-08T00:00:00,167,"1 validation error for CatalogueRecordV1
schema_version
  Input should be '1.0' [type=literal_error, input_value=1.0, input_type=float]
    For further information visit https://errors.pydantic.dev/2.10/v/literal_error"
1.0,SKU-00166,Le pouvoir de louer sans soucis,TOOLS,BOX,31,2024-01-01T00:00:00,168,"1 validation error for CatalogueRecordV1
schema_version
  Input should be '1.0' [type=literal_error, input_value=1.0, input_type=float]
    For further information visit https://errors.pydantic.dev/2.10/v/literal_error"
1.0,SKU-00167,La liberté d'innover sans soucis,CLOTHING,L,42,2024-01-22T00:00:00,169,"1 validation error for CatalogueRecordV1
schema_version
  Input should be '1.0' [type=literal_error, input_value=1.0, input_type=float]
    For further information visit https://errors.pydantic.dev/2.10/v/literal_error"
1.0,SKU-00168,Le confort de concrétiser vos projets à la pointe,CLOTHING,KG,29,2024-01-30T00:00:00,170,"1 validation error for CatalogueRecordV1
schema_version
  Input should be '1.0' [type=literal_error, input_value=1.0, input_type=float]
    For further information visit https://errors.pydantic.dev/2.10/v/literal_error"
1.0,SKU-00169,L'assurance d'évoluer sans soucis,ELEC,PCS,25,2024-01-19T00:00:00,171,"1 validation error for CatalogueRecordV1
schema_version
  Input should be '1.0' [type=literal_error, input_value=1.0, input_type=float]
    For further information visit https://errors.pydantic.dev/2.10/v/literal_error"
1.0,SKU-00170,La liberté de concrétiser vos projets plus rapidement,OTHER,PCS,5,2024-01-21T00:00:00,172,"1 validation error for CatalogueRecordV1
schema_version
  Input should be '1.0' [type=literal_error, input_value=1.0, input_type=float]
    For further information visit https://errors.pydantic.dev/2.10/v/literal_error"
1.0,SKU-00171,L'art d'atteindre vos buts avant-tout,CLOTHING,KG,29,2024-01-06T00:00:00,173,"1 validation error for CatalogueRecordV1
schema_version
  Input should be '1.0' [type=literal_error, input_value=1.0, input_type=float]
    For further information visit https://errors.pydantic.dev/2.10/v/literal_error"
1.0,SKU-00172,L'art d'atteindre vos buts à sa source,FOOD,L,24,2024-01-11T00:00:00,174,"1 validation error for CatalogueRecordV1
schema_version
  Input should be '1.0' [type=literal_error, input_value=1.0, input_type=float]
    For further information visit https://errors.pydantic.dev/2.10/v/literal_error"
1.0,SKU-00173,Le droit d'avancer avant-tout,ELEC,BOX,20,2024-01-11T00:00:00,175,"1 validation error for CatalogueRecordV1
schema_version
  Input should be '1.0' [type=literal_error, input_value=1.0, input_type=float]
    For further information visit https://errors.pydantic.dev/2.10/v/literal_error"
1.0,SKU-00174,L'art d'avancer de manière sûre,CLOTHING,L,48,2024-01-31T00:00:00,176,"1 validation error for CatalogueRecordV1
schema_version
  Input should be '1.0' [type=literal_error, input_value=1.0, input_type=float]
    For further information visit https://errors.pydantic.dev/2.10/v/literal_error"
1.0,SKU-00175,La possibilité de rouler à l'état pur,CLOTHING,L,5,2024-01-16T00:00:00,177,"1 validation error for CatalogueRecordV1
schema_version
  Input should be '1.0' [type=literal_error, input_value=1.0, input_type=float]
    For further information visit https://errors.pydantic.dev/2.10/v/literal_error"
1.0,SKU-00176,L'avantage de concrétiser vos projets à l'état pur,FOOD,PCS,22,2024-01-08T00:00:00,178,"1 validation error for CatalogueRecordV1
schema_version
  Input should be '1.0' [type=literal_error, input_value=1.0, input_type=float]
    For further information visit https://errors.pydantic.dev/2.10/v/literal_error"
1.0,SKU-00177,L'assurance de concrétiser vos projets à sa source,FOOD,PCS,48,2024-01-01T00:00:00,179,"1 validation error for CatalogueRecordV1
schema_version
  Input should be '1.0' [type=literal_error, input_value=1.0, input_type=float]
    For further information visit https://errors.pydantic.dev/2.10/v/literal_error"
1.0,SKU-00178,Le plaisir de rouler à l'état pur,ELEC,KG,1,2024-01-20T00:00:00,180,"1 validation error for CatalogueRecordV1
schema_version
  Input should be '1.0' [type=literal_error, input_value=1.0, input_type=float]
    For further information visit https://errors.pydantic.dev/2.10/v/literal_error"
1.0,SKU-00179,Le confort d'innover à la pointe,ELEC,KG,8,2024-01-16T00:00:00,181,"1 validation error for CatalogueRecordV1
schema_version
  Input should be '1.0' [type=literal_error, input_value=1.0, input_type=float]
    For further information visit https://errors.pydantic.dev/2.10/v/literal_error"
1.0,SKU-00180,La possibilité d'atteindre vos buts plus rapidement,FOOD,KG,29,2024-01-23T00:00:00,182,"1 validation error for CatalogueRecordV1
schema_version
  Input should be '1.0' [type=literal_error, input_value=1.0, input_type=float]
    For further information visit https://errors.pydantic.dev/2.10/v/literal_error"
1.0,SKU-00181,Le plaisir de concrétiser vos projets plus rapidement,TOOLS,L,10,2024-01-20T00:00:00,183,"1 validation error for CatalogueRecordV1
schema_version
  Input should be '1.0' [type=literal_error, input_value=1.0, input_type=float]
    For further information visit https://errors.pydantic.dev/2.10/v/literal_error"
1.0,SKU-00182,Le droit d'innover à la pointe,OTHER,PCS,49,2024-01-27T00:00:00,184,"1 validation error for CatalogueRecordV1
schema_version
  Input should be '1.0' [type=literal_error, input_value=1.0, input_type=float]
    For further information visit https://errors.pydantic.dev/2.10/v/literal_error"
1.0,SKU-00183,Le pouvoir de concrétiser vos projets naturellement,ELEC,L,6,2024-01-19T00:00:00,185,"1 validation error for CatalogueRecordV1
schema_version
  Input should be '1.0' [type=literal_error, input_value=1.0, input_type=float]
    For further information visit https://errors.pydantic.dev/2.10/v/literal_error"
1.0,SKU-00184,Le droit d'évoluer autrement,FOOD,L,36,2024-01-22T00:00:00,186,"1 validation error for CatalogueRecordV1
schema_version
  Input should be '1.0' [type=literal_error, input_value=1.0, input_type=float]
    For further information visit https://errors.pydantic.dev/2.10/v/literal_error"
1.0,SKU-00185,L'assurance d'atteindre vos buts avant-tout,CLOTHING,BOX,45,2024-01-07T00:00:00,187,"1 validation error for CatalogueRecordV1
schema_version
  Input should be '1.0' [type=literal_error, input_value=1.0, input_type=float]
    For further information visit https://errors.pydantic.dev/2.10/v/literal_error"
1.0,SKU-00186,Le droit de concrétiser vos projets avant-tout,FOOD,KG,6,2024-01-23T00:00:00,188,"1 validation error for CatalogueRecordV1
schema_version
  Input should be '1.0' [type=literal_error, input_value=1.0, input_type=float]
    For further information visit https://errors.pydantic.dev/2.10/v/literal_error"
1.0,SKU-00187,La possibilité d'atteindre vos buts naturellement,TOOLS,PCS,50,2024-01-19T00:00:00,189,"1 validation error for CatalogueRecordV1
schema_version
  Input should be '1.0' [type=literal_error, input_value=1.0, input_type=float]
    For further information visit https://errors.pydantic.dev/2.10/v/literal_error"
1.0,SKU-00188,Le droit d'atteindre vos buts autrement,FOOD,L,34,2024-01-14T00:00:00,190,"1 validation error for CatalogueRecordV1
schema_version
  Input should be '1.0' [type=literal_error, input_value=1.0, input_type=float]
    For further information visit https://errors.pydantic.dev/2.10/v/literal_error"
1.0,SKU-00189,Le droit de rouler plus facilement,TOOLS,PCS,32,2024-01-21T00:00:00,191,"1 validation error for CatalogueRecordV1
schema_version
  Input should be '1.0' [type=literal_error, input_value=1.0, input_type=float]
    For further information visit https://errors.pydantic.dev/2.10/v/literal_error"
1.0,SKU-00190,Le plaisir de concrétiser vos projets plus rapidement,TOOLS,PCS,26,2024-01-27T00:00:00,192,"1 validation error for CatalogueRecordV1
schema_version
  Input should be '1.0' [type=literal_error, input_value=1.0, input_type=float]
    For further information visit https://errors.pydantic.dev/2.10/v/literal_error"
1.0,SKU-00191,Le plaisir de concrétiser vos projets de manière sûre,CLOTHING,PCS,27,2024-01-31T00:00:00,193,"1 validation error for CatalogueRecordV1
schema_version
  Input should be '1.0' [type=literal_error, input_value=1.0, input_type=float]
    For further information visit https://errors.pydantic.dev/2.10/v/literal_error"
1.0,SKU-00192,L'art d'atteindre vos buts à l'état pur,TOOLS,BOX,45,2024-01-05T00:00:00,194,"1 validation error for CatalogueRecordV1
schema_version
  Input should be '1.0' [type=literal_error, input_value=1.0, input_type=float]
    For further information visit https://errors.pydantic.dev/2.10/v/literal_error"
1.0,SKU-00193,L'art d'atteindre vos buts avant-tout,CLOTHING,KG,46,2024-01-17T00:00:00,195,"1 validation error for CatalogueRecordV1
schema_version
  Input should be '1.0' [type=literal_error, input_value=1.0, input_type=float]
    For further information visit https://errors.pydantic.dev/2.10/v/literal_error"
1.0,SKU-00194,La possibilité de rouler sans soucis,TOOLS,BOX,29,2024-01-14T00:00:00,196,"1 validation error for CatalogueRecordV1
schema_version
  Input should be '1.0' [type=literal_error, input_value=1.0, input_type=float]
    For further information visit https://errors.pydantic.dev/2.10/v/literal_error"
1.0,SKU-00195,Le pouvoir d'avancer de manière sûre,OTHER,L,20,2024-01-28T00:00:00,197,"1 validation error for CatalogueRecordV1
schema_version
  Input should be '1.0' [type=literal_error, input_value=1.0, input_type=float]
    For further information visit https://errors.pydantic.dev/2.10/v/literal_error"
1.0,SKU-00196,Le droit d'évoluer à sa source,ELEC,PCS,17,2024-01-29T00:00:00,198,"1 validation error for CatalogueRecordV1
schema_version
  Input should be '1.0' [type=literal_error, input_value=1.0, input_type=float]
    For further information visit https://errors.pydantic.dev/2.10/v/literal_error"
1.0,SKU-00197,L'assurance de louer avant-tout,CLOTHING,KG,48,2024-01-15T00:00:00,199,"1 validation error for CatalogueRecordV1
schema_version
  Input should be '1.0' [type=literal_error, input_value=1.0, input_type=float]
    For further information visit https://errors.pydantic.dev/2.10/v/literal_error"
1.0,SKU-00198,Le confort de changer à la pointe,OTHER,BOX,21,2024-01-01T00:00:00,200,"1 validation error for CatalogueRecordV1
schema_version
  Input should be '1.0' [type=literal_error, input_value=1.0, input_type=float]
    For further information visit https://errors.pydantic.dev/2.10/v/literal_error"
1.0,SKU-00199,L'avantage d'évoluer plus facilement,CLOTHING,L,11,2024-01-16T00:00:00,201,"1 validation error for CatalogueRecordV1
schema_version
  Input should be '1.0' [type=literal_error, input_value=1.0, input_type=float]
    For further information visit https://errors.pydantic.dev/2.10/v/literal_error"
